title,address,opening_hrs,website,phone,plus_code
"Nature's Source ""Health Food Stores"" - Mississauga","5029 Hurontario St, Mississauga, ON L4Z 3X7",opening hr not provided,natures-source.com,(905) 502-6789,"J85W+2M Mississauga, Ontario"
Healthy Planet Brampton,"150 West Dr Unit 18, Brampton, ON L6T 4P9",opening hr not provided,healthyplanetcanada.com,(905) 457-6565,"P748+F3 Brampton, Ontario"
S&H Health Foods,"25 Peel Centre Dr, Brampton, ON L6T 3R5",opening hr not provided,sandhhealth.com,(905) 792-6947,"P78H+HC Brampton, Ontario"
Good Health Mart - Brampton Bramalea City Centre,"25 Peel Centre Dr, Brampton, ON L6T 3R5",opening hr not provided,goodhealthmartbrampton.com,(647) 518-4975,"P78H+58 Brampton, Ontario"
Village Health Foods,"50 Sunnyvale Gate, Brampton, ON L6S 6J3",opening hr not provided,villagevitaminstore.ca,(905) 494-1818,"Q749+RX Brampton, Ontario"
"Nature's Source ""Health Food Stores"" - Etobicoke","40 Ronson Dr Unit 2, Etobicoke, ON M9W 1B3",opening hr not provided,natures-source.com,(416) 242-8500,"MCXM+PW Etobicoke, Toronto, ON"
S & H Health Foods,"227 Vodden St E, Brampton, ON L6V 1N2",opening hr not provided,sandhhealth.com,(905) 450-9533,"P62V+PH Brampton, Ontario"
Nutrition Source,"2130 N Park Dr Unit 41, Brampton, ON L6S 0C9",opening hr not provided,nutritionsource.ca,(905) 792-8406,"Q72F+6C Brampton, Ontario"
Nutrition House Square One,"100 City Centre Dr, Mississauga, ON L5B 2C9",opening hr not provided,squareone.nutritionhouse.com,(905) 275-1264,"H9V4+35 Mississauga, Ontario"
S & H Health Foods,"100 City Centre Dr, Mississauga, ON L5B 2C9",opening hr not provided,sandhhealth.com,(905) 803-1036,"H9V5+4F Mississauga, Ontario"
NOW FOODS,"230 Sandalwood Pkwy E, Brampton, ON L6Z 1R3",opening hr not provided,website not available,(905) 846-3738,"P6J5+7W Brampton, Ontario"
Good & Natural,"180 Sandalwood Pkwy E, Brampton, ON L6Z 1Y4",opening hr not provided,website not available,(905) 840-0518,"P6H3+77 Brampton, Ontario"
Healthy Planet Oakville (403 & Dundas),"2501 Hyde Park Gate c2, Oakville, ON L6H 6G6",opening hr not provided,healthyplanetcanada.com,(905) 829-0999,"G876+XX Oakville, Ontario"
Natures Health Food,"1530 Albion Rd, Etobicoke, ON M9V 1B4",opening hr not provided,website not available,(416) 745-2209,"PCR7+JJ Etobicoke, Toronto, ON"
Greeniche Health Shop - Ocean Fresh Foods,"499 Main St S, Brampton, ON L6Y 1N7",opening hr not provided,greeniche.com,+1 877-254-5820,"M786+FX Brampton, Ontario"
Village Health Food,"229 Queen St E, Brampton, ON L6W 2B5",opening hr not provided,villagevitaminstore.ca,(905) 452-0237,"M7W2+9J Brampton, Ontario"
Nutrition House Heartland,"5885 Rodeo Dr Unit 5, Mississauga, ON L5R 4C1",opening hr not provided,nutritionhouse.com,(905) 361-0149,"J866+94 Mississauga, Ontario"
Spence's Natural Foods,"1022 Burnhamthorpe Rd E, Mississauga, ON L4Y 2X6",opening hr not provided,naturalcalm.ca,(905) 279-0722,"J97Q+QM Mississauga, Ontario"
Perfect Store,perfectstore.ca,Open now: Open 24 hours,perfectstore.ca,(905) 602-1825,plus code available
"Nature's Source ""Health Food Stores"" - Oakville","2391 Trafalgar Rd, Oakville, ON L6H 6K7",opening hr not provided,natures-source.com,(905) 257-1655,"F7MP+X2 Oakville, Ontario"
"Nature's Source ""Health Food Stores"" - Oakville","2391 Trafalgar Rd, Oakville, ON L6H 6K7",opening hr not provided,natures-source.com,(905) 257-1655,"F7MP+X2 Oakville, Ontario"
Greeniche Health Shop - Iqbal Foods,"4099 Erin Mills Pkwy, Mississauga, ON L5L 3P9",opening hr not provided,greeniche.com,(905) 569-9246,"H826+9X Mississauga, Ontario"
NATUROPATHIC SUPPLEMENTS,"3-230 Sandalwood Pkwy E, Brampton, ON L6Z 1R3",opening hr not provided,website not available,(905) 846-3737,"P6J5+7W Brampton, Ontario"
Holistic Health Shop The,"3037 Hurontario St, Mississauga, ON L5A 2G9",opening hr not provided,website not available,(905) 270-6244,"H9JM+G4 Mississauga, Ontario"
Greeniche Health Shop- Ocean Fresh Foods,"4557 Hurontario St, Mississauga, ON L4Z 3M1",opening hr not provided,greeniche.com,+1 888-262-0884,"J942+P9 Mississauga, Ontario"
Health & Body Nutrition,"7070 St Barbara Blvd #26, Mississauga, ON L5W 0E6",opening hr not provided,healthbodynutrition.ca,(905) 956-2007,"J7QM+H9 Mississauga, Ontario"
U-RAAW! Health Foods,uraaw.ca,Closed today,uraaw.ca,+1 800-890-7750,plus code available
"Nature's Signature ""Health Food Stores"" Southdown and Lakeshore, Mississauga","910 Southdown Rd #1A, Mississauga, ON L5J 2Y4",opening hr not provided,natures-source.com,(905) 822-6776,"G959+7V Mississauga, Ontario"
Jump Start Nutrition,"6677 Meadowvale Town Centre Cir, Mississauga, ON L5N 2R5",opening hr not provided,website not available,(905) 858-1181,"H6MR+63 Mississauga, Ontario"
Village Health Food Mavis,"640 Eglinton W, Mississauga, ON L5R 3V2",opening hr not provided,villagevitaminstore.ca,(905) 502-9722,"H8VM+4G Mississauga, Ontario"
S & H Health Foods,"500 Rexdale Blvd, Etobicoke, ON M9W 6K5",opening hr not provided,website not available,(416) 674-5809,"P99X+XV Etobicoke, Toronto, ON"
Greeniche Health Shop - Westwood Square,"7205 Goreway Dr, Mississauga, ON L4T 4J1",opening hr not provided,website not available,Phone not available,"P997+82 Mississauga, Ontario"
Health Service Centre,"2623 Islington Ave, Etobicoke, ON M9V 2X4",opening hr not provided,healthservicecentre.ca,(416) 742-5460,"PCQM+3X Etobicoke, Toronto, ON"
S & H Health Foods,"South Common Centre, 2150 Burnhamthorpe Rd W, Mississauga, ON L5L 3A2",opening hr not provided,sandhhealth.com,(905) 607-9401,"G8V8+GW Mississauga, Ontario"
Living Healthy,"2291 Kipling Ave, Etobicoke, ON M9W 4L6",opening hr not provided,website not available,(416) 740-1344,"PCHG+J9 Etobicoke, Toronto, ON"
Herbalife Brampton Toronto Distributor,"84 New Pines Trail, Brampton, ON L6Z 0H6",opening hr not provided,canadaonline.goherbalife.com,(416) 629-2006,"P6GG+XJ Brampton, Ontario"
Tottenham Health Foods,"81 Queen St S, Tottenham, ON L0G 1W0",opening hr not provided,tottenhamhealthfoods.com,(905) 936-4477,"259W+M6 New Tecumseth, Ontario"
JusOne Foods,"33444 Chief Mbulu Way, Mississauga, ON L5M 0H7",opening hr not provided,website not available,(416) 890-4866,"H727+XR Mississauga, Ontario"
Prime Health Products,"133 The West Mall, Etobicoke, ON M9C 1C2",opening hr not provided,sensiblehealth.com,(416) 248-2930,"JC9Q+PF Etobicoke, Toronto, ON"
The Perfect Balance,"2225 Erin Mills Pkwy, Mississauga, ON L5K 1T8",opening hr not provided,perfectbalance-cnc.com,(905) 855-9514,"G8JW+6C Mississauga, Ontario"
OTG3,"46 Village Centre Pl, Mississauga, ON L4Z 1V9",Open now: Open 24 hours,website not available,+1 800-984-6843,"J925+4C Mississauga, Ontario"
Natural Solutions Health Foods,"1256 The Queensway, Etobicoke, ON M8Z 1S2",opening hr not provided,gonaturalsolutions.com,(416) 695-1374,"JFCF+JV Etobicoke, Toronto, ON"
Steve's Produce,"7412 Sills Rd #7412, Mississauga, ON L4T 2K1",opening hr not provided,stevesproduce-organics.com,(416) 453-3629,"P86W+XP Mississauga, Ontario"
alkalineauthentic,alkalineauthentics.com,opening hr not provided,alkalineauthentics.com,Phone not available,plus code available
FNC Nutrition,"6460 Millcreek Dr, Mississauga, ON L5N 2V6",opening hr not provided,website not available,(905) 817-0170,"H7Q4+WV Mississauga, Ontario"
Cindy’s CBD and Black Seed Oil products,hbnaturals.com,Open now: Open 24 hours,hbnaturals.com,(437) 688-5858,plus code available
Etherea Natural Foods,"299 Courtneypark Dr E, Mississauga, ON L5T 2T6",opening hr not provided,etherea.ca,(416) 556-4949,"J8V6+5C Mississauga, Ontario"
Nutrition Hub Canada (Herbalife Independent Distributor in Canada),"105 Kennedy Rd S Unit 11, Brampton, ON L6W 1M6",opening hr not provided,goherbalife.com,(416) 885-1251,"M7P6+PM Brampton, Ontario"
Let Nature Heal You,"1195 Meyerside Dr Unit #9, Mississauga, ON L5T 1H3",opening hr not provided,letnaturehealyou.ca,(905) 565-1919,"M84Q+5X Mississauga, Ontario"
Total Life Changes Ssense,"Absolute Ave, Mississauga, ON L3Z 0M4",opening hr not provided,website not available,(416) 879-5713,"H9W8+95 Mississauga, Ontario"
Raw Juice Guru - West,rawjuiceguru.com,Open now: Open 24 hours,rawjuiceguru.com,+1 800-831-9028,plus code available
Freshly Squeezed,"Bramalea City Centre, 25 Peel Centre Dr, Brampton, ON L6T 3R5",opening hr not provided,freshlysqueezed.ca,(905) 494-1020,"P78H+58 Brampton, Ontario"
Bell Life Products,"230 Sandalwood Pkwy E Unit 2, Brampton, ON L6Z 1R3",opening hr not provided,website not available,(905) 846-3727,"P6J5+7W Brampton, Ontario"
Global Sports Nutrition,"400 Steeles Ave E, Brampton, ON L6W 3R2",opening hr not provided,website not available,(905) 866-5717,"M7GG+8H Brampton, Ontario"
Health Foods,"Halton Hills, ON L7G 4J9",opening hr not provided,website not available,Phone not available,"J3XW+MW Halton Hills, Ontario"
Natasha Wismer De Rose,"28 Chambers Ct, Brampton, ON L6Z 1J1",opening hr not provided,website not available,(905) 781-4336,"P6J7+M8 Brampton, Ontario"
Creekside Health Products Inc.,"6790 Columbus Rd, Mississauga, ON L5T 2G1",opening hr not provided,opc10.com,(905) 696-7797,"M88G+HR Mississauga, Ontario"
Healthy Planet Etobicoke,"1000 Islington Ave #3, Etobicoke, ON M8Z 4P8",opening hr not provided,healthyplanetcanada.com,(416) 259-5197,"JFJJ+2M Etobicoke, Toronto, ON"
Nature's Counter,"Cloverdale Mall, 250 The East Mall, Etobicoke, ON M9B 3Y8",opening hr not provided,natures-counter.ca,(416) 236-1409,"JCJV+9V Etobicoke, Toronto, ON"
Health Food Store Brampton,"230 Sandalwood Pkwy E, Brampton, ON L6Z 1R3",opening hr not provided,website not available,(905) 846-3737,"P6J5+7W Brampton, Ontario"
Flora Distributing & Manufacturing Ltd,"400 Deerhurst Dr, Brampton, ON L6T 5H9",opening hr not provided,website not available,(905) 791-3111,"P8XG+98 Brampton, Ontario"
Eden Marketing Group,"1-257 Dundas St E, Mississauga, ON L5A 1W8",opening hr not provided,m.smartstore.naver.com,(416) 450-9133,"H9PQ+7Q Mississauga, Ontario"
nutrition house Erin Mills,"5100 Erin Mills Pkwy, Mississauga, ON L5M 4Z5",opening hr not provided,erinmills.nutritionhouse.com,(905) 593-2952,"H75Q+C7 Mississauga, Ontario"
Better Living Wellness Clinic and Health Store,"1500 Royal York Rd Unit 7, Etobicoke, ON M9P 3B6",opening hr not provided,betterliving.co,(416) 249-1895,"MFR9+H7 Etobicoke, Toronto, ON"
GNC - General Nutrition Centres,"Bramalea City Centre, 25 Peel Centre Dr Unit 458, Brampton, ON L6T 3R5",opening hr not provided,gnc.ca,(905) 792-0032,"P77H+X9 Brampton, Ontario"
Patanjali Canada,"503 Ray Lawson Blvd Unit #3, Brampton, ON L6Y 0N2",opening hr not provided,patanjali-canada.com,(416) 356-3987,"M727+5C Brampton, Ontario"
Patanjali Northpark,"2120 N Park Dr #22, Brampton, ON L6S 0C9",opening hr not provided,patanjali-canada.com,(416) 356-3987,"P7XF+R7 Brampton, Ontario"
Good Health Mart Woodbridge,"205 Marycroft Ave Unit 10, Woodbridge, ON L4L 5X8",opening hr not provided,goodhealthmartwoodbridge.com,(905) 850-3000,"QCMP+X4 Vaughan, Ontario"
Purity & Natural (WestWood Mall),"Westwood Square Mall, Unit 1E27 (Kiosk, 7205 Goreway Dr, Mississauga, ON L4T 2T9",opening hr not provided,business.site,(416) 877-5090,"P997+J6 Mississauga, Ontario"
"Canadian Ginseng Farm-Order Online, Global Delivery","1675 The Chase #13, Mississauga, ON L5M 5Y7",opening hr not provided,canadianginsengfarm.com,+1 877-898-6188,"H78X+3J Mississauga, Ontario"
Healthy Planet Milton,"Milton Crossroads, 1250 Steeles Ave E e3, Milton, ON L9T 6R1",opening hr not provided,healthyplanetcanada.com,(289) 270-2322,"G4VJ+67 Milton, Ontario"
Charavaaha,(416) 988-3257,opening hr not provided,website not available,(416) 988-3257,plus code available
Popeye's Supplements Brampton,"110 Brickyard Way, Brampton, ON L6V 4N1",opening hr not provided,popeyescanada.com,(905) 453-2606,"P62C+9F Brampton, Ontario"
Whole Foods Market,"155 Square One Dr, Mississauga, ON L5B 0E2",opening hr not provided,wholefoodsmarket.com,(905) 275-9393,"H9W4+84 Mississauga, Ontario"
JR's Natural Health & Bulk,"1382 Queen St W, Toronto, ON M6K 1L7",opening hr not provided,website not available,(416) 539-9422,"JHR8+HJ Toronto, Ontario"
nutrition house Oakville Place,"240 Leighland Ave, Oakville, ON L6H 3H6",opening hr not provided,erinmills.nutritionhouse.com,(905) 339-0611,"F867+H8 Oakville, Ontario"
Foodstuffs,"89 Main St S, Georgetown, ON L7G 3E5",opening hr not provided,foodstuffs.ca,(905) 877-6569,"J3XF+PM Georgetown, Halton Hills, ON"
The Olivar Corp,"5126 9 Line, Erin, ON N0B 1T0",opening hr not provided,theolivarcorp.com,Phone not available,"PXPH+QC Erin, Ontario"
Maximize Health Canada,"3346 Southwick St, Mississauga, ON L5M 7L5",opening hr not provided,website not available,(416) 917-2325,"G7VH+PJ Mississauga, Ontario"
Nutrition Mart Health Food Store,"1901 Weston Rd, York, ON M9N 3P1",opening hr not provided,website not available,(416) 241-6612,"PF2M+4G York, Toronto, ON"
Popeye's Supplements Mississauga Meadowvale,"6550 Meadowvale Town Centre Cir #4, Mississauga, ON L5N 4B7",opening hr not provided,popeyescanada.com,(905) 369-0570,"H6JR+6W Mississauga, Ontario"
JuiceBox Smoothies,"40 Annagem Blvd, Mississauga, ON L5T 2Y3",opening hr not provided,juiceboxsmoothies.com,(905) 795-9988,"J8P5+5P Mississauga, Ontario"
Natural Health Products,"1660 Jane St, York, ON M9N 2S1",opening hr not provided,business.site,(416) 249-4631,"PF2W+QC York, Toronto, ON"
Nutrition House Humbertown,"Humbertown 270, The Kingsway, Etobicoke, ON M9A 3T7",opening hr not provided,humbertown.nutritionhouse.com,(416) 232-1272,"MF6J+F9 Etobicoke, Toronto, ON"
Round Axx Fitness,(647) 823-7640,opening hr not provided,website not available,(647) 823-7640,plus code available
"Nature's Signature ""Health Food Stores"" Liberty Village Toronto","100 Lynn Williams St #1A, Toronto, ON M6K 3N6",opening hr not provided,natures-source.com,(416) 535-3200,"JHQJ+XV Toronto, Ontario"
S & H Health Foods,"1700 Wilson Ave, North York, ON M3L 1B2",opening hr not provided,sandhhealth.com,(416) 614-1359,"PFCQ+P8 North York, Toronto, ON"
Nutrition House Liberty Village,"120 Lynn Williams St, Toronto, ON M6K 3N6",opening hr not provided,nutritionhouse.com,Phone not available,"JHQJ+JV Toronto, Ontario"
Healthy Planet Toronto Stockyards,"Stock Yards Village, 1960-1980 St Clair Ave W, Toronto, ON M6N 4X9",opening hr not provided,healthyplanetcanada.com,(416) 902-7750,"MGFJ+3R Toronto, Ontario"
Optimum Natural Foods,"3006 Dundas St W, Toronto, ON M6P 1Z3",opening hr not provided,optimumnaturalfoods.com,(416) 693-5328,"MG8J+65 Toronto, Ontario"
GNC - General Nutrition Centres,"150 Great Lakes Dr, Unit #133 Trinity Commons, Brampton, ON L6R 2K7",opening hr not provided,gnc.ca,(905) 458-1157,"P6JM+5R Brampton, Ontario"
Evergreen Natural Foods,"161 Roncesvalles Ave, Toronto, ON M6R 2L3",opening hr not provided,website not available,(416) 534-2684,"JHV2+JQ Toronto, Ontario"
Shoppers World Nutrition Centre,"499 Main St S, Brampton, ON L6Y 1N7",opening hr not provided,website not available,(905) 796-2216,"M786+FV Brampton, Ontario"
SwitchGrocery,switchgrocery.com,Open now: Open 24 hours,switchgrocery.com,Phone not available,plus code available
GNC,"SQUARE ONE SHOPPING CENTRE, 100 City Centre Dr, Mississauga, ON L5B 1M7",opening hr not provided,gnc.ca,(905) 566-1963,"H9V4+3C Mississauga, Ontario"
Om India Food Centre,"71 West Dr, Brampton, ON L6T 5E2",opening hr not provided,website not available,(905) 452-1100,"P73F+MJ Brampton, Ontario"
Pruvit Ketones - Independent Keto OS Pruvit Promoter,myketocoach.com,opening hr not provided,myketocoach.com,(416) 906-7883,plus code available
Qi Natural Food,"506 Queen St W, Toronto, ON M5V 2B3",opening hr not provided,website not available,(416) 539-0459,"JHXX+4C Toronto, Ontario"
Bulk Barn,"295A Queen St E, Brampton, ON L6W 3W9",opening hr not provided,bulkbarn.ca,(905) 452-7949,"P726+W7 Brampton, Ontario"
Easy Health Food Store,"1276 Bloor St W, Toronto, ON M6H 1N8",opening hr not provided,website not available,(416) 474-2526,"MH55+GF Toronto, Ontario"
GNC - General Nutrition Centres,"6045 Mavis Rd #5, Mississauga, ON L5R 4G6",opening hr not provided,gnc.ca,(905) 507-3340,"J873+9X Mississauga, Ontario"
Kim Natural Food,"219 Roncesvalles Ave, Toronto, ON M6R 2L6",opening hr not provided,kimnaturalfoods.com,(416) 537-1428,"JHW2+8H Toronto, Ontario"
Peachtree Health Foods,"2239 Bloor St W, Toronto, ON M6S 1N7",opening hr not provided,peachtreehealthfoods.com,(416) 913-4466,"MG2F+87 Toronto, Ontario"
GNC,"Shoppers World Brampton, 499 Main St S Unit 50, Brampton, ON L6Y 1N7",opening hr not provided,gnc.ca,(905) 874-9271,"M786+J7 Brampton, Ontario"
Nutriviva the Health Food Store on St Clair,"1199 St Clair Ave W, Toronto, ON M6E 1B5",opening hr not provided,nutriviva.ca,(647) 748-0199,"MHG4+X8 Toronto, Ontario"
Popeye's Supplements,"1602 The Queensway Unit E1, Etobicoke, ON M8Z 1V1",opening hr not provided,popeyestoronto.com,(416) 521-9200,"JF94+99 Etobicoke, Toronto, ON"
Healthy Planet Bathurst & Sheppard,"588 Sheppard Ave W, North York, ON M3H 2S1",opening hr not provided,healthyplanetcanada.com,(416) 398-2444,"QH46+F7 North York, Toronto, ON"
Forever Living Products- Authorized Distributor,fbo.foreverliving.com,opening hr not provided,fbo.foreverliving.com,(647) 804-6952,plus code available
Al's Whole Health,"777 Bay St, Toronto, ON M5G 2C8",opening hr not provided,website not available,(416) 850-4641,"MJ68+56 Toronto, Ontario"
GNC - General Nutrition Centres,"Woodhill Centre, 9045 Airport Rd Building J, Brampton, ON L6S 0B8",opening hr not provided,gnc.ca,(905) 487-0026,"P8V3+RF Brampton, Ontario"
Nutrition House TD Centre,"66 Wellington St W, Toronto, ON M5K 1G8",opening hr not provided,tdcentre.nutritionhouse.com,(416) 955-9425,"JJW9+XM Toronto, Ontario"
Noah's Natural Foods - Yonge & Charles,"667 Yonge St, Toronto, ON M4Y 1Z9",opening hr not provided,noahsnaturalfoods.ca,(416) 969-0220,"MJ97+9J Toronto, Ontario"
Popeye's Supplements Oakville East - ESSENTIAL - OPEN FOR IN-STORE SHOPPING,"2525 Hampshire Gate #2a, Oakville, ON L6H 6C8",opening hr not provided,popeyescanada.com,(905) 829-5405,"G8C8+6W Oakville, Ontario"
Sweet & Natural,"415 Yonge St, Toronto, ON M5B 2E7",opening hr not provided,website not available,(416) 595-1215,"MJ59+V5 Toronto, Ontario"
Sierrasil,"230 Sandalwood Pkwy E Unit 2, Brampton, ON L6Z 1R3",opening hr not provided,website not available,(905) 846-3737,"P6J5+7W Brampton, Ontario"
LIVfit | Weight Loss Meal Delivery,liv.fit,opening hr not provided,liv.fit,(647) 242-1744,plus code available
Bulk Barn,"10902 Hurontario St, Brampton, ON L7A 3R9",opening hr not provided,bulkbarn.ca,(905) 495-0770,"P5FP+MP Brampton, Ontario"
Bulk Barn,"9960 Airport Rd, Brampton, ON L6S 0C5",opening hr not provided,bulkbarn.ca,(905) 790-0010,"Q76H+G6 Brampton, Ontario"
Bulk Barn,"Square One Shopping Centre, 100 City Centre Dr, Mississauga, ON L5B 2C9",opening hr not provided,bulkbarn.ca,(905) 897-1210,"H9V5+C8 Mississauga, Ontario"
Pure Living Essentials,purelivingessentials.com,opening hr not provided,purelivingessentials.com,(519) 900-9371,plus code available
Ambrosia,"57 Northview Blvd, Woodbridge, ON L4L 8X9",opening hr not provided,ambrosia.ca,(905) 264-2510,"QFR4+7C Vaughan, Ontario"
Whole Health (Simcoe Place),"Simcoe Place, 200 Front St W #002, Toronto, ON M5V 3K2",opening hr not provided,website not available,(647) 748-8886,"JJV7+XG Toronto, Ontario"
SKG Health Foods Inc,"2380 Eglinton Ave W B11, Toronto, ON M6M 1S6",opening hr not provided,website not available,(416) 656-2775,"MGRJ+XW Toronto, Ontario"
Vitamart.ca,vitamart.ca,opening hr not provided,vitamart.ca,+1 877-500-2001,plus code available
BlossomPure Organic,"100 The East Mall #15, Etobicoke, ON M8Z 5X2",opening hr not provided,blossompure.com,(905) 891-2005,"JC9X+RJ Etobicoke, Toronto, ON"
nutrition house,"4841 Yonge St, North York, ON M2N 5Y7",opening hr not provided,nutritionhouse.com,(905) 707-7633,"QH7Q+4Q North York, Toronto, ON"
Revitasize Mississauga,"2021 Cliff Rd, Mississauga, ON L5A 3N7",opening hr not provided,revitasize.ca,(647) 914-6210,"HCG5+Q7 Mississauga, Ontario"
Herbs & Nutrition,"572 Bloor St W, Toronto, ON M6G 1K1",opening hr not provided,herbsandnutrition.ca,(647) 348-8064,"MH8Q+26 Toronto, Ontario"
Healthy Planet Toronto Leaside,"95 Laird Dr, East York, ON M4G 3V1",opening hr not provided,healthyplanetcanada.com,(416) 422-0505,"PJ4Q+HJ East York, Toronto, ON"
Healthy Planet Richmond Hill,"10520 Yonge St Unit 32, Richmond Hill, ON L4C 3C7",opening hr not provided,healthyplanetcanada.com,(905) 884-8771,"VHM5+R5 Richmond Hill, Ontario"
Bulk Barn,"6085 Creditview Rd, Mississauga, ON L5V 2A8",opening hr not provided,bulkbarn.ca,(905) 858-8362,"H7XP+VR Mississauga, Ontario"
Bulk Barn,"3035 Argentia Rd, Mississauga, ON L5N 8P7",opening hr not provided,bulkbarn.ca,(905) 824-3207,"H6W7+97 Mississauga, Ontario"
Baldwin Naturals,"16 Baldwin St, Toronto, ON M5T 1L2",opening hr not provided,website not available,(416) 979-1777,"MJ44+GR Toronto, Ontario"
Rain Intl Canada,myrainlife.com,opening hr not provided,myrainlife.com,(905) 866-7101,plus code available
Herc's Nutrition,"800 Boyer Blvd #9, Mississauga, ON L5V 1X3",opening hr not provided,hercs.com,(905) 812-8383,"J862+M5 Mississauga, Ontario"
Nature's Health Food,"3003 Danforth Ave, East York, ON M4C 1M9",opening hr not provided,website not available,(647) 654-4417,"MPQ5+VH East York, Toronto, ON"
Nature's Health Food,"1000 Gerrard St E, Toronto, ON M4M 3G6",opening hr not provided,website not available,(416) 406-3999,"MM96+FF Toronto, Ontario"
Little Green Planet,"28 St Andrew St, Toronto, ON M5T 1K6",opening hr not provided,littlegreenplanet.ca,(416) 551-3685,"MH3X+MX Toronto, Ontario"
Bulkfoodscanada - Dylmine Health,bulkfoodscanada.com,opening hr not provided,bulkfoodscanada.com,(416) 579-4198,plus code available
eFresh Meals,efreshmeals.ca,opening hr not provided,efreshmeals.ca,+1 833-337-3741,plus code available
Noah's Natural Foods - Yonge & Eg,"2395 Yonge St, Toronto, ON M4P 3E7",opening hr not provided,noahsnaturalfoods.ca,(416) 488-0904,"PJ52+XF Toronto, Ontario"
Bulk Barn,"499 Main St S, Brampton, ON L6Y 1N7",opening hr not provided,bulkbarn.ca,(905) 866-6779,"M796+3H Brampton, Ontario"
Down To Earth Natural Foods Inc.,"10720 Yonge St, Richmond Hill, ON L4C 3C9",opening hr not provided,downtoearthnaturalfoods.ca,(905) 737-0768,"VHQ5+J5 Richmond Hill, Ontario"
Goodness Me! Natural Food Market,"2300 Fairview St, Burlington, ON L7R 2E4",opening hr not provided,goodnessme.ca,(905) 631-8404,"85VW+2W Burlington, Ontario"
Metro,"25 Peel Centre Dr, Brampton, ON L6T 3R5",opening hr not provided,metro.ca,(905) 793-4828,"P78H+2M Brampton, Ontario"
Life Essential Health Food,"1923 Eglinton Ave W, York, ON M6E 2J7",opening hr not provided,website not available,(416) 783-3093,"MGWW+2W York, Toronto, ON"
Unique Bodyz Nutrition,"680 Rexdale Blvd, Etobicoke, ON M9W 0B5",opening hr not provided,uniquebodyznutrition.com,(416) 843-4421,"P9CP+CG Etobicoke, Toronto, ON"
Beaches Natural Foods,"1947 Queen St E, Toronto, ON M4L 1H7",opening hr not provided,beachesnaturalfoods.com,(416) 698-8805,"MM9W+QX Toronto, Ontario"
Evergreen Natural Foods,"513 St Clair Ave W, Toronto, ON M6C 1A1",opening hr not provided,website not available,(416) 536-2932,"MHMJ+4F Toronto, Ontario"
Kabul Farms Supermarket,"4665 Central Pkwy E, Mississauga, ON L4Z 2V4",opening hr not provided,kabulfarmssupermarket.com,(905) 507-2252,"J985+FJ Mississauga, Ontario"
Green Natural Health Foods,"689 Mt Pleasant Rd, Toronto, ON M4S 2N2",opening hr not provided,website not available,(416) 489-0700,"PJ46+99 Toronto, Ontario"
Bulk Barn,"5100 Erin Mills Pkwy, Mississauga, ON L5M 4Z5",opening hr not provided,bulkbarn.ca,(905) 569-3629,"H75P+6X Mississauga, Ontario"
Bulk Barn,"915 Rathburn Rd E, Mississauga, ON L4W 0E5",opening hr not provided,bulkbarn.ca,(905) 848-5033,"J98M+85 Mississauga, Ontario"
Nature’s Alternate Health Food,"1880 Eglinton Ave E Unit 32A, Scarborough, ON M1L 2L1",opening hr not provided,naturesalternatehealthfood.com,(416) 288-6444,"PPG2+H3 Scarborough, Toronto, ON"
Magic Health Food,"646 Bloor St W, Toronto, ON M6G 1K9",opening hr not provided,magichealthfood.com,(416) 532-1678,"MH7M+PV Toronto, Ontario"
The Health Shoppe,"1378 Yonge St, Toronto, ON M4T 1Y4",opening hr not provided,healthshoppetoronto.com,(416) 968-1225,"MJP4+FH Toronto, Ontario"
S R H Health Foods,"4033 New St, Burlington, ON L7L 1S8",opening hr not provided,srhhealthfoods.com,(905) 681-8772,"963J+Q8 Burlington, Ontario"
B.K. Natural Foods,"272A Coxwell Ave, Toronto, ON M4L 3B6",opening hr not provided,bknaturalfoods.ca,(647) 748-3663,"MMFJ+65 Toronto, Ontario"
Qi Natural Food,"1001 Eglinton Ave W, York, ON M6C 2C7",opening hr not provided,website not available,(416) 784-0459,"MHX9+RC York, Toronto, ON"
Well Being Health Food,"7181 Yonge St, Thornhill, ON L3T 0C7",opening hr not provided,website not available,(416) 226-6100,"RH3J+C5 Markham, Ontario"
Carb Crunchers,carbcrunchers.ca,opening hr not provided,carbcrunchers.ca,(647) 962-6148,plus code available
Willow Lane Natural Foods,"20 Mill St E, Acton, ON L7J 1G9",opening hr not provided,website not available,(519) 853-3051,"JXJ5+3P Acton, Ontario"
Food Basics,"227 Vodden St E, Brampton, ON L6V 1N2",opening hr not provided,foodbasics.ca,(905) 451-7842,"P62V+V8 Brampton, Ontario"
Nicey's Food Mart,"107 Kennedy Rd S, Brampton, ON L6W 3G3",opening hr not provided,niceysfoodmart.com,(905) 450-6045,"M7P7+F2 Brampton, Ontario"
RawBlendz Juice & Salad,"215 Lakeshore Rd E, Mississauga, ON L5G 1G5",opening hr not provided,rawblendz.business.site,(905) 823-2780,"HC5C+9Q Mississauga, Ontario"
Bulk Barn,"235 Guelph St, Georgetown, ON L7G 4A8",opening hr not provided,bulkbarn.ca,(905) 873-9611,"M423+8C Georgetown, Halton Hills, ON"
Milton Health Foods,"224 Main St E, Milton, ON L9T 1N7",opening hr not provided,milton-health-foods.jany.io,(905) 636-7800,"G478+8V Milton, Ontario"
Rosedale General Store,"1075 Yonge St, Toronto, ON M4W 2L2",opening hr not provided,rosedalegeneralstore.ca,(416) 927-0359,"MJH5+HX Toronto, Ontario"
Organic Planet Health,"688 Major MacKenzie Dr E, Richmond Hill, ON L4C 1J9",opening hr not provided,organicplanetonline.ca,(905) 787-9900,"VHGM+H8 Richmond Hill, Ontario"
Moberly Natural Foods,"688 St Clair Ave W, Toronto, ON M6C 1B1",opening hr not provided,moberlynaturalfoods.com,(647) 351-8068,"MHJF+PM Toronto, Ontario"
Forever Living Products - Direct Distributor,shopforeverliving.flp.com,Open now: Open 24 hours,shopforeverliving.flp.com,(647) 804-1531,plus code available
Moberly Natural Foods,"2044 Danforth Ave, Toronto, ON M4C 1J6",opening hr not provided,moberlynaturalfoods.com,(416) 690-8868,"MMPP+69 Toronto, Ontario"
Lennie's Whole Foods Cabbagetown,"489 Parliament St, Toronto, ON M5A 3A3",opening hr not provided,facebook.com,(416) 920-3777,"MJ7J+PV Toronto, Ontario"
Natural Life Health Market,"7700 Bathurst St #30, Thornhill, ON L4J 7Y3",opening hr not provided,naturallifemarket.com,(905) 707-3350,"RG5X+X9 Vaughan, Ontario"
The Big Carrot Wholistic Dispensary,"320 Danforth Ave, Toronto, ON M4K 1N8",opening hr not provided,thebigcarrot.ca,(416) 466-2129,"MJHW+2P Toronto, Ontario"
Loblaws,"380 The East Mall, Etobicoke, ON M9B 6L5",opening hr not provided,loblaws.ca,(416) 695-8990,"JCVQ+HV Etobicoke, Toronto, ON"
Bayview Natural Food (prev. Q Living),"1622 Bayview Ave, Toronto, ON M4G 3B7",opening hr not provided,qlivinghealthfood.com,(647) 748-9177,"PJ4F+JP Toronto, Ontario"
Fortinos,"60 Quarry Edge Dr, Brampton, ON L6V 4K2",opening hr not provided,fortinos.ca,(905) 453-3600,"P659+22 Brampton, Ontario"
S&H Health Foods,"Scarborough Town Centre, 300 Borough Dr, Scarborough, ON M1P 4P5",opening hr not provided,sandhhealth.com,(416) 296-1777,"QPGR+GF Scarborough, Toronto, ON"
Good Health Mart - Milton,"840 Main St E, Milton, ON L9T 0J4",opening hr not provided,goodhealthmartmilton.com,(905) 878-0444,"G4GM+W3 Milton, Ontario"
Fortinos,"60 Quarry Edge Dr, Brampton, ON L6V 4K2",opening hr not provided,fortinos.ca,(905) 453-3600,"P659+22 Brampton, Ontario"
S&H Health Foods,"Scarborough Town Centre, 300 Borough Dr, Scarborough, ON M1P 4P5",opening hr not provided,sandhhealth.com,(416) 296-1777,"QPGR+GF Scarborough, Toronto, ON"
Good Health Mart - Milton,"840 Main St E, Milton, ON L9T 0J4",opening hr not provided,goodhealthmartmilton.com,(905) 878-0444,"G4GM+W3 Milton, Ontario"
FreshCo Bramalea City Centre,"12 Team Canada Dr, Brampton, ON L6T 0C9",opening hr not provided,freshco.com,(905) 793-4867,"P79H+7F Brampton, Ontario"
Rouge Naturals,"5514 Lawrence Ave E, Scarborough, ON M1C 3B2",opening hr not provided,rougenaturals.com,(416) 519-2345,"QVH6+WG Scarborough, Toronto, ON"
Don Valley Health Food,"3060 Don Mills Rd E, North York, ON M2J 3C1",opening hr not provided,donvalleyhealthfood.ca,(416) 491-5160,"QJPX+74 North York, Toronto, ON"
Choice Farms Ltd,choicefarms.ca,opening hr not provided,choicefarms.ca,(905) 461-1411,plus code available
Ambrosia,"55 Doncaster Ave, Thornhill, ON L3T 1L7",opening hr not provided,ambrosia.ca,(905) 881-7811,"RH3M+87 Markham, Ontario"
Waterfront Seafood Market,"3631 Dixie Rd #5, Mississauga, ON L4Y 4H2",opening hr not provided,angeloswaterfront.ca,(905) 624-3477,"J9CX+VM Mississauga, Ontario"
Healthy Calabash,healthycalabash.square.site,opening hr not provided,healthycalabash.square.site,(416) 886-5633,plus code available
Nature's Emporium,"2180 Itabashi Way, Burlington, ON L7M 5A5",opening hr not provided,naturesemporium.com,(289) 427-5075,"96Q3+5X Burlington, Ontario"
East India Company LTD,"2446 Cawthra Rd, Mississauga, ON L5A 3K6",opening hr not provided,website not available,(905) 276-3212,"HCR3+GH Mississauga, Ontario"
The Vitamin Store,"500 Laurier Ave, Milton, ON L9T 4R3",opening hr not provided,villagevitaminstore.ca,(905) 878-3080,"G45Q+44 Milton, Ontario"
B K Natural Foods,"114 Eglinton Square, Scarborough, ON M1L 2K1",opening hr not provided,bknaturalfoods.ca,(416) 752-4688,"PPF2+C7 Scarborough, Toronto, ON"
Herc's Nutrition - Supplement Store Brampton,"175 Fletchers Creek Blvd, Brampton, ON L6X 5C4",opening hr not provided,hercs.com,(905) 455-9900,"M5RX+J5 Brampton, Ontario"
Garden Foods Ltd,"501 Queen St S, Bolton, ON L7E 1A1",opening hr not provided,gardenfoodsmarket.com,(905) 857-1227,"V7CG+56 Caledon, Ontario"
apniroots,"100 Pertosa Dr, Brampton, ON L6X 0H9",Open now: Open 24 hours,apniroots.com,(647) 808-7061,"M5JW+62 Brampton, Ontario"
Indian Punjabi Bazaar Inc,"499 Ray Lawson Blvd #4, Brampton, ON L6Y 4E6",opening hr not provided,indianpunjabi.ca,(905) 451-5756,"M728+65 Brampton, Ontario"
Noah's Natural Foods - Bloor & Spadina,"322 Bloor St W, Toronto, ON M5S 1W5",opening hr not provided,noahsnaturalfoods.ca,(416) 968-7930,"MH8W+QM Toronto, Ontario"
Zehrs,"487 Queen St S, Bolton, ON L7E 2B4",opening hr not provided,zehrs.ca,(905) 951-9555,"V7CG+H6 Caledon, Ontario"
Giddy Yo,"11 Coles Crescent #1, Orangeville, ON L9W 5W2",opening hr not provided,shop.giddyyoyo.com,+1 844-443-9696,"WWMX+83 Orangeville, Ontario"
Indian Foodland,"45 Dusk Dr, Brampton, ON L6Y 5Z6",opening hr not provided,website not available,(905) 456-9900,"M64J+4V Brampton, Ontario"
Hasty Market,"333 Fairhill Ave, Brampton, ON L7A 3N9",opening hr not provided,website not available,(905) 840-6144,"M5VM+23 Brampton, Ontario"
Daya Health Foods عطاری دایا,"7181 Yonge St unit 103, Markham, ON L3T 0C7",opening hr not provided,website not available,(905) 881-0454,"RH3J+96 Markham, Ontario"
Goodness Me! Natural Food Market,"36 Wellington St W, Guelph, ON N1H 4H7",opening hr not provided,goodnessme.ca,(519) 826-9042,"GQQ4+Q2 Guelph, Ontario"
"Nature's Signature ""Health Food Stores"" Guelph","500 Edinburgh Rd S #1A, Guelph, ON N1G 4Z1",opening hr not provided,natures-source.com,(519) 822-8900,"GQC8+HJ Guelph, Ontario"
Fortinos,"35 Worthington Ave, Brampton, ON L7A 2Y7",opening hr not provided,fortinos.ca,(905) 495-8108,"M5MM+HX Brampton, Ontario"
Food Basics,"235 Guelph St, Georgetown, ON L7G 4R8",opening hr not provided,foodbasics.ca,(905) 877-5648,"M423+G7 Georgetown, Halton Hills, ON"
Sobeys Brampton,"8975 Chinguacousy Rd, Brampton, ON L6Y 0J2",opening hr not provided,sobeys.com,(905) 796-1517,"M68C+Q8 Brampton, Ontario"
Best Price Grocers,"10725 McLaughlin Rd, Brampton, ON L7A 3L7",opening hr not provided,website not available,(905) 846-3100,"P56M+2J Brampton, Ontario"
African Royal Foods,"332 Main St N, Brampton, ON L6V 1P8",opening hr not provided,facebook.com,(905) 454-0304,"M6VJ+C4 Brampton, Ontario"
Farm Boy,"OAKWOODS CENTRE, 1907 Ironoak Way, Oakville, ON L6H 0N1",opening hr not provided,farmboy.ca,(905) 337-3202,"F8RC+X2 Oakville, Ontario"
Trish Juice,"11 Queen St W, Brampton, ON L6Y 1L9",opening hr not provided,trishjuice.com,(905) 487-6197,"M6PQ+6X Brampton, Ontario"
Asian Food Centre,"80 Pertosa Dr, Brampton, ON L6X 5E9",opening hr not provided,asianfoodcentre.com,(905) 460-0009,"M5JV+CV Brampton, Ontario"
Farm Boy,"SHOPPES OF ALDERWOOD, 841 Brown's Line, Etobicoke, ON M8W 3V7",opening hr not provided,farmboy.ca,(416) 253-9379,"JF63+33 Etobicoke, Toronto, ON"
Peter's valu-mart,"1125 Bloor St, Mississauga, ON L4Y 2N6",opening hr not provided,valumart.ca,(905) 279-1353,"J96X+FP Mississauga, Ontario"
Longo's Mount Pleasant,"65 Dufay Rd, Brampton, ON L7A 0B5",opening hr not provided,longos.com,(905) 843-1820,"M5H4+MJ Brampton, Ontario"
EuroMax Foods The Good Food Store,"190 Bovaird Dr W # 59, Brampton, ON L7A 1A2",opening hr not provided,euromaxfoods.com,(905) 451-0221,"P635+9R Brampton, Ontario"
Gol's Lanzhou Noodle Mississauga,"100 City Centre Dr Square One Shopping Centre Food Court CRU1-130, Mississauga, ON L5B 2C9",opening hr not provided,lanzhou.ca,(905) 232-5866,"H9V5+62 Mississauga, Ontario"
Bulk Barn,"5230 Dundas St W, Etobicoke, ON M9B 1A8",opening hr not provided,bulkbarn.ca,(416) 236-1020,"JFR6+4Q Etobicoke, Toronto, ON"
Real Canadian Superstore,"201 Oak Park Blvd, Oakville, ON L6H 6M3",opening hr not provided,realcanadiansuperstore.ca,(905) 257-9099,"F7MH+H4 Oakville, Ontario"
GNC - General Nutrition Centres,"2625B Weston Rd Unit 4A, North York, ON M9N 3W1",opening hr not provided,gnc.ca,(416) 241-5748,"PF69+X3 North York, Toronto, ON"
Real Canadian Superstore,"3045 Mavis Rd, Mississauga, ON L5C 1T7",opening hr not provided,realcanadiansuperstore.ca,(905) 275-6171,"H998+3Q Mississauga, Ontario"
Jenny Craig Weight Loss Center,"295a Queen St E, Brampton, ON L6W 3R1",opening hr not provided,locations.jennycraig.com,(905) 453-2256,"P726+R8 Brampton, Ontario"
Giant tiger,"499 Main St S, Brampton, ON L6Y 1N7",opening hr not provided,gianttiger.com,Phone not available,"M787+FR Brampton, Ontario"
Copper Branch,"Bramalea City Centre, 48 Peel Centre Dr, Brampton, ON L6T 5M2",opening hr not provided,eatcopperbranch.com,(905) 791-6464,"P78F+27 Brampton, Ontario"
EuroMax Foods The Good Food Store,"20 Polonia Ave #101, Brampton, ON L6Y 0K9",opening hr not provided,euromaxfoods.com,(905) 455-4664,"J6VQ+47 Brampton, Ontario"
Wonder Of Nature,"2971 Bloor St W, Etobicoke, ON M8X 1B8",opening hr not provided,wondersofnature.ca,(416) 239-4372,"JFXR+4C Etobicoke, Toronto, ON"
Spataro's No Frills,"8990 Chinguacousy Rd, Brampton, ON L6Y 5X6",opening hr not provided,nofrills.ca,+1 866-987-6453,"M679+RF Brampton, Ontario"
FARMACIA HEALTH BAR,"2096 Queen St E, Toronto, ON M4E 1E1",opening hr not provided,farmaciahealthbar.com,(647) 341-3276,"MPC3+CH Toronto, Ontario"
Whole Family Health Food,"Georgina, ON L4P 0H3",opening hr not provided,wholefamilyhealthfood.com,(905) 476-7117,"6HC3+CQ Georgina, Ontario"
FreshCo Queen & McLaughlin,"398 Queen St W, Brampton, ON L6X 1B3",opening hr not provided,freshco.com,(905) 454-8840,"M6GH+C5 Brampton, Ontario"
Marc's valu-mart,"134 Main St, Erin, ON N0B 1T0",opening hr not provided,valumart.ca,(519) 833-9302,"QW9P+W2 Erin, Ontario"
Steve's No Frills,"295 Queen St E, Brampton, ON L6W 3R1",opening hr not provided,nofrills.ca,+1 866-987-6453,"P737+38 Brampton, Ontario"
The Sweet Potato,"108 Vine Ave, Toronto, ON M6P 1V7",opening hr not provided,thesweetpotato.ca,(416) 762-4848,"MG8J+MH Toronto, Ontario"
Real Canadian Superstore,"171 Guelph St, Georgetown, ON L7G 4A1",opening hr not provided,realcanadiansuperstore.ca,(905) 877-5393,"M32V+H8 Georgetown, Halton Hills, ON"
Prince Of Wales Country Market,"2548 Embleton Rd, Brampton, ON L6X 0E1",opening hr not provided,website not available,(905) 455-8136,"J5PP+M4 Brampton, Ontario"
Popeye's Supplements Milton,"1120 Steeles Ave E Unit 1, Milton, ON L9T 6C8",opening hr not provided,popeyescanada.com,(905) 636-7707,"G4RG+35 Milton, Ontario"
Sheriff's No Frills,"1530 Albion Rd, Etobicoke, ON M9V 1B4",opening hr not provided,nofrills.ca,+1 866-987-6453,"PCR7+QH Etobicoke, Toronto, ON"
Walmart Grocery Pickup & Delivery,"9455 Mississauga Rd, Brampton, ON L6X 0Z8",opening hr not provided,walmart.ca,(905) 451-5675,"M55Q+52 Brampton, Ontario"
Real Canadian Superstore,"201 Oak Park Blvd, Oakville, ON L6H 6M3",opening hr not provided,realcanadiansuperstore.ca,(905) 257-9099,"F7MH+H4 Oakville, Ontario"
The Sweet Potato,"108 Vine Ave, Toronto, ON M6P 1V7",opening hr not provided,thesweetpotato.ca,(416) 762-4848,"MG8J+MH Toronto, Ontario"
Real Canadian Superstore,"171 Guelph St, Georgetown, ON L7G 4A1",opening hr not provided,realcanadiansuperstore.ca,(905) 877-5393,"M32V+H8 Georgetown, Halton Hills, ON"
Prince Of Wales Country Market,"2548 Embleton Rd, Brampton, ON L6X 0E1",opening hr not provided,website not available,(905) 455-8136,"J5PP+M4 Brampton, Ontario"
Popeye's Supplements Milton,"1120 Steeles Ave E Unit 1, Milton, ON L9T 6C8",opening hr not provided,popeyescanada.com,(905) 636-7707,"G4RG+35 Milton, Ontario"
Sheriff's No Frills,"1530 Albion Rd, Etobicoke, ON M9V 1B4",opening hr not provided,nofrills.ca,+1 866-987-6453,"PCR7+QH Etobicoke, Toronto, ON"
NaturopathicProducts Canada,naturopathicproducts.ca,Open now: Open 24 hours,naturopathicproducts.ca,+1 800-663-8637,plus code available
Walmart Grocery Pickup & Delivery,"9455 Mississauga Rd, Brampton, ON L6X 0Z8",opening hr not provided,walmart.ca,(905) 451-5675,"M55Q+52 Brampton, Ontario"
FoodAsia Indian Grocery,"791 Bovaird Dr W, Brampton, ON L6X 0T9",opening hr not provided,foodasia.ca,(905) 267-4686,"M5QW+65 Brampton, Ontario"
Zehrs,"Heritage Mall, 50 4th Ave, Orangeville, ON L9W 1L0",opening hr not provided,zehrs.ca,(519) 942-4223,"WWG5+GC Orangeville, Ontario"
Farzin's No Frills,"345 Main St N, Brampton, ON L6X 1N6",opening hr not provided,nofrills.ca,+1 866-987-6453,"M6VH+7M Brampton, Ontario"
Natura Market,naturamarket.ca,Open now: Open 24 hours,naturamarket.ca,+1 866-770-0705,plus code available
Concord Oriental Market,"1051 Steeles Ave W, Thornhill, ON L4J 8J8",opening hr not provided,website not available,(416) 665-7685,"QHR2+GM Toronto, Ontario"
Rotisserie Frenchie's,"190 Queens Plate Dr A24, Etobicoke, ON M9W 6Y9",opening hr not provided,website not available,(416) 745-3939,"PC94+P6 Etobicoke, Toronto, ON"
Goodness Me!,"79 Park Pl Blvd, Barrie, ON L4N 6P4",opening hr not provided,goodnessme.ca,(705) 730-7689,"88R9+2C Barrie, Ontario"
La Favorita Latin Food Market,"18 Queen St W, Brampton, ON L6X 1A1",opening hr not provided,finderschoice.com,(905) 460-1346,"M6PQ+6R Brampton, Ontario"
Bio Body Balance,"12 Fitzgibson St, Brampton, ON L9B 2E7",opening hr not provided,biobodybalance.ca,(647) 622-3350,"M679+CX Brampton, Ontario"
Nature's Best Natural Food Market,"7 Glenwood Dr, Barrie, ON L4M 3C4",opening hr not provided,naturesbestbarrie.ca,(705) 721-9634,"C73W+3W Barrie, Ontario"
Nature's Emporium,"16655 Yonge St, Newmarket, ON L3X 1V6",opening hr not provided,naturesemporium.com,(905) 898-1844,"2GPH+32 Newmarket, Ontario"
Well Well Well Nutrition Centre,"318 Ontario St, St. Catharines, ON L2R 5L8",opening hr not provided,wellwellwellnc.com,(905) 684-2276,"5P9P+RR St. Catharines, Ontario"
Steve's No Frills,"295 Queen St E, Brampton, ON L6W 3R1",opening hr not provided,nofrills.ca,+1 866-987-6453,"P737+38 Brampton, Ontario"
