title,address,opening_hrs,website,phone,plus_code
The Supply Room - Business Depot,"6435 Dixie Rd Unit #7, Mississauga, ON L5T 1X4",opening hr not provided,thesupplyroom.ca,(905) 670-4230,"M87R+QC Mississauga, Ontario"
Staples,"80 Great Lakes Dr, Brampton, ON L6R 2K7",opening hr not provided,stores.staples.ca,(905) 789-5799,"P6HM+GM Brampton, Ontario"
Staples,"1750 The Queensway, Etobicoke, ON M9C 5H5",opening hr not provided,stores.staples.ca,(416) 620-5674,"JC8V+32 Etobicoke, Toronto, ON"
Staples,"499 Main St S, Brampton, ON L6Y 1N7",opening hr not provided,stores.staples.ca,(905) 796-2403,"M787+9X Brampton, Ontario"
TCC Office Supplies & Business Interiors,"7171 Torbram Rd #51, Mississauga, ON L4T 3W4",opening hr not provided,shoptcc.ca,(905) 970-9351,"M8XV+VG Mississauga, Ontario"
Staples,"2040 Dundas St E Unit 1, Mississauga, ON L4X 2X8",opening hr not provided,stores.staples.ca,(905) 279-4392,"JCCJ+XM Mississauga, Ontario"
Staples,"180 Queens Plate Dr, Toronto, ON M9W 6Y9",opening hr not provided,stores.staples.ca,(416) 749-9932,"PC94+G5 Toronto, Ontario"
Staples,"5900 Mavis Rd, Mississauga, ON L5V 0B5",opening hr not provided,stores.staples.ca,(905) 813-3134,"J854+M3 Mississauga, Ontario"
Staples,"1530 Aimco Blvd, Mississauga, ON L4W 5K1",opening hr not provided,stores.staples.ca,(905) 602-5889,"J9QG+PX Mississauga, Ontario"
Staples,"2937 Queen St E, Brampton, ON L6T 5J1",opening hr not provided,stores.staples.ca,(905) 791-4522,"P8R3+Q9 Brampton, Ontario"
Staples,"3135 Argentia Rd Unit 2, Mississauga, ON L5N 8E1",opening hr not provided,stores.staples.ca,(905) 785-0864,"H6W5+QW Mississauga, Ontario"
Deskmates,deskmates.ca,Open now: Open 24 hours,deskmates.ca,(289) 678-1645,plus code available
Staples,"471 Queen St S Unit 2, Caledon, ON L7E 2B5",opening hr not provided,stores.staples.ca,(905) 951-1640,"V7CF+VV Caledon, Ontario"
Staples,"2460 Winston Churchill Blvd, Oakville, ON L6H 6J5",opening hr not provided,stores.staples.ca,(905) 829-1960,"G8C9+FG Oakville, Ontario"
Staples,"3950 Grand Park Dr, Mississauga, ON L5B 2C4",opening hr not provided,stores.staples.ca,(905) 306-7888,"H9H2+XH Mississauga, Ontario"
GTA Office Furniture,"10 Wilkinson Rd #5, Brampton, ON L6T 5B1",opening hr not provided,gtaofficefurniture.com,(905) 453-2220,"M7RW+P7 Brampton, Ontario"
Source Office Furniture - Brampton,"5 Resolution Dr #1, Brampton, ON L6W 0A5",opening hr not provided,source.ca,(905) 457-8484,"M7JJ+G6 Brampton, Ontario"
GTA Office Solution Inc.,"947 Matheson Blvd E, Mississauga, ON L4W 2R7",opening hr not provided,officesolution.ca,(905) 267-1000,"J9J4+VR Mississauga, Ontario"
Integral Business Interiors Inc.,integraloffice.ca,opening hr not provided,integraloffice.ca,(416) 791-1313,plus code available
Grayline Office Solutions Inc,business.site,opening hr not provided,business.site,(416) 930-4190,plus code available
Toronto Office Furniture Inc.,"1 Westside Dr #9, Etobicoke, ON M9C 1B2",opening hr not provided,torontoofficefurniture.com,(416) 780-1077,"JC9Q+C2 Etobicoke, Toronto, ON"
Staples,"67 Colossus Dr Unit D30, Vaughan, ON L4L 9J8",opening hr not provided,stores.staples.ca,(905) 856-6588,"QFM4+MX Vaughan, Ontario"
Officestock,"100 Brydon Dr Unit C, Etobicoke, ON M9W 4N9",opening hr not provided,officestock.ca,(647) 499-6656,"PCCF+FV Etobicoke, Toronto, ON"
Merit Office Solutions,"5785 Kennedy Rd, Mississauga, ON L4Z 2G3",opening hr not provided,meritoffice.com,(905) 890-5000,"J8JQ+J3 Mississauga, Ontario"
Staples,"88 First St, Orangeville, ON L9W 3J6",opening hr not provided,stores.staples.ca,(519) 942-1360,"WVHX+9P Orangeville, Ontario"
Ink E-Sale Inc,"14 Matheson Blvd E, Mississauga, ON L4W 2S6",opening hr not provided,inkesale.com,(905) 629-0988,"J9J3+CJ Mississauga, Ontario"
fitzBODY Ergonomics,fitzbody.com,Open now: Open 24 hours,fitzbody.com,(647) 468-5073,plus code available
The Source Furniture Brampton Warehousing,"5 Resolution Dr Unit 1, Brampton, ON L6W 3R5",opening hr not provided,source.ca,Phone not available,"M7JJ+C9 Brampton, Ontario"
Arion Services,"63 Progress Court, Brampton, ON L6S 5X2",opening hr not provided,website not available,(905) 789-5769,"Q833+VW Brampton, Ontario"
Transitions Office Solutions - New and Used Office Furniture Toronto,"3630 Odyssey Dr Unit 5, Mississauga, ON L5M 0Z9",opening hr not provided,transitions-office-solutions.com,(905) 607-5338,"G7MF+5F Mississauga, Ontario"
Würk Furniture,"6575 Kestrel Rd, Mississauga, ON L5T 1P4",opening hr not provided,wurkfurniture.com,(905) 670-9660,"M82J+F7 Mississauga, Ontario"
ergoCentric Production Facility,"5970 Chedworth Way unit a, Mississauga, ON L5R 4G5",opening hr not provided,ergocentric.com,Phone not available,"J897+FC Mississauga, Ontario"
Frame Pods,framepods.com,opening hr not provided,framepods.com,(647) 619-2256,plus code available
Ardent Mfg Corporation,ardentmfg.com,opening hr not provided,ardentmfg.com,(587) 557-8924,plus code available
Have Our Plastic Inc.,"2825 Argentia Rd #4, Mississauga, ON L5N 8G6",opening hr not provided,hop.ca,+1 800-263-5995,"J62H+33 Mississauga, Ontario"
Intelligent Office Furniture,"1710 Bonhill Rd, Mississauga, ON L5T 1C8",opening hr not provided,ioflive.com,(905) 672-0942,"M88X+PH Mississauga, Ontario"
AnthroDesk,"240 Birmingham St #1, Etobicoke, ON M8V 2C8",opening hr not provided,anthrodesk.ca,+1 800-267-1783,"JF2P+QF Etobicoke, Toronto, ON"
Ufficio Furniture,"1215 Meyerside Dr #7, Mississauga, ON L5T 1H3",opening hr not provided,ufficiofurniture.com,(905) 795-2506,"M84Q+8P Mississauga, Ontario"
Nu Image Supplies,"1625 Albion Road Unit#103A Unit#103A, Toronto, ON M9V, Canada",opening hr not provided,business.site,(647) 831-7398,"PCR4+M6 Toronto, Ontario"
Office Furniture Project Management - Installation + Moving Available From MFS - Marshall Facility Solutions,marshallfacilities.com,opening hr not provided,marshallfacilities.com,(416) 320-9148,plus code available
Business Interiors (Ontario) Inc,"285 Watline Ave, Mississauga, ON L4Z 1P3",opening hr not provided,businessinteriors.ca,(905) 502-1633,"J8GM+WQ Mississauga, Ontario"
Intergraph Office Supplies,"1045 North Service Rd E, Oakville, ON L6H 1A6",opening hr not provided,website not available,(905) 844-9696,"F89F+W5 Oakville, Ontario"
The Collective (formerly The Office Source Inc),"4800 Eastgate Pkwy, Mississauga, ON L4W 3W6",opening hr not provided,collective.space,(905) 602-7900,"J9RP+3C Mississauga, Ontario"
FJL & Associates Inc,"123 Harley Blvd, Brampton, ON L6R 2K9",opening hr not provided,fjloffice.com,(905) 794-2019,"Q76C+5X Brampton, Ontario"
MJ Office Installation,"1606-17 Knightsbridge Rd, Brampton, ON L6T 3X9",opening hr not provided,business.site,(647) 783-2235,"P7CP+48 Brampton, Ontario"
Staples,"542 Keele St, Toronto, ON M6N 3E2",opening hr not provided,stores.staples.ca,(416) 762-2816,"MGCM+44 Toronto, Ontario"
Abco Group,"1280 Eglinton Ave E, Mississauga, ON L4W 1K8",opening hr not provided,abcogroup.ca,(519) 742-0222,"J9MH+74 Mississauga, Ontario"
CTI Working Environments,"6901 Edwards Blvd, Mississauga, ON L5T 2T9",opening hr not provided,ctiwe.com,+1 866-565-8600,"J7WX+QJ Mississauga, Ontario"
Envirotech Office Systems Inc.,"7345 E Danbro Crescent unit b, Mississauga, ON L5N 6P8",opening hr not provided,envirotechoffice.com,(905) 363-4799,"J64F+V9 Mississauga, Ontario"
Staples,"320 North Service Rd W, Oakville, ON L6M 2R7",opening hr not provided,stores.staples.ca,(905) 338-6535,"C7WW+3C Oakville, Ontario"
Nightingale Corporation,"2301 Dixie Rd, Mississauga, ON L4Y 1Z9",opening hr not provided,nightingalechairs.com,(905) 896-3434,"JC3F+GV Mississauga, Ontario"
The Raw Office - Canada,rawoffice.ca,Open now: Open 24 hours,rawoffice.ca,+1 855-335-4996,plus code available
Computer Media Group The,"7956 Torbram Rd, Brampton, ON L6T 5A2",opening hr not provided,thecomputermediagroup.com,(905) 458-4090,"P86C+XM Brampton, Ontario"
Staples,"1220 Steeles Ave E Unit G6, Milton, ON L9T 6R1",opening hr not provided,stores.staples.ca,(905) 878-2434,"G4RJ+8Q Milton, Ontario"
Staples,"89 Yonge St #85, Toronto, ON M5C 1S8",opening hr not provided,stores.staples.ca,(416) 203-3525,"JJXC+WQ Toronto, Ontario"
Staples,"250 Front St E, Toronto, ON M5A 1E9",opening hr not provided,stores.staples.ca,(416) 368-3331,"MJ2P+PH Toronto, Ontario"
Furn - Modern Office Furniture,"100 Brydon Dr Unit C, Etobicoke, ON M9W 4N9",opening hr not provided,furn.ca,(647) 499-6656,"PCCF+CV Etobicoke, Toronto, ON"
Interior Solutions,"2895 Argentia Rd #6, Mississauga, ON L5N 8G6",opening hr not provided,interiorsolutions.ca,(905) 814-7800,"J62C+4C Mississauga, Ontario"
Staples,"375 University Ave, Toronto, ON M5G 2J5",opening hr not provided,stores.staples.ca,(416) 598-4818,"MJ37+93 Toronto, Ontario"
Supreme Office Supplies,"3501 Glen Erin Dr, Mississauga, ON L5L 2E9",opening hr not provided,website not available,(905) 820-7033,"G8Q7+C2 Mississauga, Ontario"
Oakwood Office Supplies,"2238 Dundas St W, Toronto, ON M6R 3A9",opening hr not provided,canadapost.ca,(416) 537-5294,"MG3X+P8 Toronto, Ontario"
Staples,"32 Steeles Ave W, Vaughan, ON L4J 1A1",opening hr not provided,stores.staples.ca,(905) 763-0227,"QHXH+89 Vaughan, Ontario"
First Choice Commercial Moving LTD,"2740 Matheson Blvd E Unit 4, Mississauga, ON L4W 4X3",opening hr not provided,firstchoiceofficemoving.com,(416) 606-4077,"MC72+FR Mississauga, Ontario"
Staples,"3150 Dufferin St, Toronto, ON M6A 2T1",opening hr not provided,stores.staples.ca,(416) 785-5335,"PG8V+M7 Toronto, Ontario"
Everyday Office Supplies Inc.,"2700 Dufferin St, York, ON M6B 4J3",opening hr not provided,shopeveryday.ca,(416) 652-6829,"PG2W+RV York, Toronto, ON"
Prime Depot,"467 Edgeley Blvd, Concord, ON L4K 4E9",opening hr not provided,website not available,(905) 760-2444,"RF38+V2 Vaughan, Ontario"
The planners paradise,(416) 670-2264,opening hr not provided,website not available,(416) 670-2264,plus code available
The Furniture Guys | Office Furniture Store in Toronto,"22 Arrow Rd, North York, ON M9M 2L7",opening hr not provided,thefurnitureguys.ca,(416) 360-1555,"PFP9+MW North York, Toronto, ON"
Porter Business Products Inc,"46 Bankfield Dr, Etobicoke, ON M9V 2P8",opening hr not provided,website not available,(416) 741-2440,"PCMV+XX Etobicoke, Toronto, ON"
Staples,"1450 Clark Ave W #1, Thornhill, ON L4J 7R5",opening hr not provided,stores.staples.ca,(905) 669-5096,"QGXH+56 Vaughan, Ontario"
NexDay Supply Inc.,nexdaysupply.ca,Open now: Open 24 hours,nexdaysupply.ca,+1 888-963-9329,plus code available
The Source,"25 Peel Centre Dr Unit 608, Brampton, ON L6T 3R5",opening hr not provided,thesource.ca,(905) 793-1323,"P78H+58 Brampton, Ontario"
Staples,"2149 Yonge St, Toronto, ON M4S 2A7",opening hr not provided,stores.staples.ca,(416) 961-4949,"PJ32+MX Toronto, Ontario"
Midoco Art & Office Supplies,"555 Bloor St W, Toronto, ON M5S 1Y6",opening hr not provided,midoco.ca,(416) 588-7718,"MH8Q+3R Toronto, Ontario"
سهلان,sahlan.co,opening hr not provided,sahlan.co,+98 21 4289 0000,plus code available
Vaughan Office Furniture,vaughanofficefurniture.com,opening hr not provided,vaughanofficefurniture.com,(647) 219-6842,plus code available
KC Chairs Banquet Office & Commercial Seating,"170 Brockport Dr #65, Etobicoke, ON M9W 5C8",opening hr not provided,kcchairs.com,(416) 740-7438,"PC26+2H Etobicoke, Toronto, ON"
Going To The Office,"1282 Weston Rd, York, ON M6M 4R3",opening hr not provided,gtto.ca,(416) 763-4049,"MGQ3+HR York, Toronto, ON"
Staples,"3003 Danforth Ave #2, East York, ON M4C 1M9",opening hr not provided,stores.staples.ca,(416) 686-4711,"MPQ5+VH East York, Toronto, ON"
CSP Office,"250 Yonge St Suite 2201, Toronto, ON M5B 2L7",opening hr not provided,cspofficesupplies.com,(647) 498-7584,"MJ39+MJ Toronto, Ontario"
Workplace Elements,"24 Jutland Rd Unit E, Etobicoke, ON M8Z 2G9",opening hr not provided,workplaceelements.ca,(416) 587-9165,"JFHF+56 Etobicoke, Toronto, ON"
Marlborough’s,"2346 Bloor St W, Toronto, ON M6S 1P3",opening hr not provided,marlboroughs.ca,(416) 767-9121,"MG29+3H Toronto, Ontario"
Teknion,"120 Bremner Blvd, Toronto, ON M5J 0A1",opening hr not provided,teknion.com,(416) 800-0328,"JJV8+6Q Toronto, Ontario"
Midoco Art & Office Supplies,"146 Danforth Ave, Toronto, ON M4K 1N1",opening hr not provided,midoco.ca,(647) 351-1004,"MJGR+MW Toronto, Ontario"
Think Refill,"160 Matheson Blvd E #6, Mississauga, ON L4Z 1V4",opening hr not provided,thinkrefill.ca,(905) 804-0917,"J8FM+4R Mississauga, Ontario"
Staples,"1000 Gerrard St E Unit DD16, Toronto, ON M4M 3G6",opening hr not provided,stores.staples.ca,(416) 466-4900,"MM96+GH Toronto, Ontario"
Convenient Home Office,convenienthomeoffice.com,opening hr not provided,convenienthomeoffice.com,Phone not available,plus code available
Alco Of Canada,"190 Britannia Rd E Unit #16, Mississauga, ON L4Z 2E7",opening hr not provided,alcoofcanada.net,(905) 568-0052,"J8HG+W6 Mississauga, Ontario"
SafcoProducts.Ca,safcoproducts.ca,Open now: Open 24 hours,safcoproducts.ca,+1 800-660-0384,plus code available
Staples,"945 Eglinton Ave E, East York, ON M4G 4B5",opening hr not provided,stores.staples.ca,(416) 696-0043,"PJ7R+JJ East York, Toronto, ON"
FPF Showroom,(647) 323-0523,opening hr not provided,website not available,(647) 323-0523,plus code available
Staples Print & Marketing Services,"499 Main St S, Brampton, ON L6Y 1N7",opening hr not provided,stores.staplescopyandprint.ca,(905) 796-1080,"M786+FX Brampton, Ontario"
TYS Agencies Inc,"517 Wellington St W, Toronto, ON M5V 1V1",opening hr not provided,tysagencies.com,(416) 315-7400,"JJV2+2H Toronto, Ontario"
FRID + Russell Business Products,"1805 Ironstone Dr, Burlington, ON L7L 5T8",opening hr not provided,fridandrussell.com,(905) 332-0323,"96Q5+HW Burlington, Ontario"
Staples,"95 Ellesmere Rd, Toronto, ON M1R 4B7",opening hr not provided,stores.staples.ca,(416) 444-5237,"QM5Q+8P Toronto, Ontario"
Staples,"45 Red Maple Rd, Richmond Hill, ON L4B 4M6",opening hr not provided,stores.staples.ca,(905) 882-6995,"RHRH+G4 Richmond Hill, Ontario"
Just Right Office Products Inc,"6625 Tomken Rd unit 4, Mississauga, ON L5T 2C2",opening hr not provided,copierserviceguys.com,(905) 940-7377,"M85G+HG Mississauga, Ontario"
Universal Data Supplies Inc,"1081 Meyerside Dr Unit 14, Mississauga, ON L5T 1M4 Meyerside Dr Unit 14, Mississauga, ON L5T 1M4",opening hr not provided,universaldata.ca,(905) 564-2252,"M83P+FH Mississauga, Ontario"
Trend Office Interiors,"960 Edgeley Blvd, Concord, ON L4K 4V4",opening hr not provided,trendofficeinteriors.ca,(905) 532-0187,"RF96+73 Vaughan, Ontario"
Trend Office Interiors,"960 Edgeley Blvd, Concord, ON L4K 4V4",opening hr not provided,trendofficeinteriors.ca,(905) 532-0187,"RF96+73 Vaughan, Ontario"
Staples,"850 Milner Ave, Toronto, ON M1B 5N7",opening hr not provided,stores.staples.ca,(416) 208-7728,"RR23+48 Toronto, Ontario"
Staples,"3175 Hwy 7 Unit 200, Markham, ON L3R 0T9",opening hr not provided,stores.staples.ca,(905) 479-3101,"RJXX+W6 Markham, Ontario"
Structube,"Trinity Common, 70 Great Lakes Dr Unit 145A, Brampton, ON L6R 2K7",opening hr not provided,structube.com,Phone not available,"P6HM+W7 Brampton, Ontario"
GTA Business Furnishings,"145 Nipissing Rd #2, Milton, ON L9T 3A7",opening hr not provided,website not available,(905) 878-4854,"G4CH+67 Milton, Ontario"
Staples,"1980 Eglinton Ave E, Scarborough, ON M1L 2M6",opening hr not provided,stores.staples.ca,(416) 752-1091,"PPH8+R7 Scarborough, Toronto, ON"
The Source,"100 City Centre Dr, Mississauga, ON L5B 2C9",opening hr not provided,thesource.ca,(905) 275-1286,"H9V5+62 Mississauga, Ontario"
Midoco Art & Office Supplies,"1964 Queen St E, Toronto, ON M4L 1H8",opening hr not provided,midoco.ca,(416) 691-5676,"MM9X+V6 Toronto, Ontario"
Staples,"3060 Davidson Ct Unit C2, Burlington, ON L7M 4X7",opening hr not provided,stores.staples.ca,(905) 332-1071,"955V+39 Burlington, Ontario"
Office Central,"60 Leek Crescent, Richmond Hill, ON L4B 1H1",opening hr not provided,officecentral.com,(905) 887-7700,"VJ6F+8J Richmond Hill, Ontario"
Staples,"1700 Elgin Mills Rd E Unit 2, Richmond Hill, ON L4S 0B2",opening hr not provided,stores.staples.ca,(905) 770-1600,"WJ25+5V Richmond Hill, Ontario"
Staples,"14800 Yonge St #180, Aurora, ON L4G 1N3",opening hr not provided,stores.staples.ca,(905) 713-0367,"XGPM+WH Aurora, Ontario"
Staples,"7725 Markham Rd, Markham, ON L3S 3J9",opening hr not provided,stores.staples.ca,(905) 472-0746,"VP3W+M6 Markham, Ontario"
Staples,"92 Young St, New Tecumseth, ON L9R 1P8",opening hr not provided,stores.staples.ca,(705) 434-4992,"44X8+RR New Tecumseth, Ontario"
Walmart,"100 City Centre Dr, Mississauga, ON L5B 2C9",opening hr not provided,walmart.ca,(905) 270-9300,"H9V5+MJ Mississauga, Ontario"
4 Office Automation Ltd,"425 Superior Blvd Unit 1 + 2, Mississauga, ON L5T 2W5",opening hr not provided,4office.ca,(905) 564-0522,"M825+8R Mississauga, Ontario"
Staples Print & Marketing Services,"1750 The Queensway, Toronto, ON M9C 5H5",opening hr not provided,staplescopyandprint.ca,(416) 620-7007,"JC8V+32 Toronto, Ontario"
ergoCentric Showroom & Store,"37 King St E, Toronto, ON M5C 1E9",opening hr not provided,ergocentric.com,(416) 550-8233,"JJXF+PC Toronto, Ontario"
The Source,"6677 Meadowvale Town Centre Cir #8 Unit M7, 6677 Meadowvale Town Centre Cir, Mississauga, ON L5N 2R5",opening hr not provided,thesource.ca,(905) 826-5889,"H6MR+84 Mississauga, Ontario"
The Source,"5099 Creekbank Rd, Mississauga, ON L4W 5N2",opening hr not provided,thesource.ca,(905) 614-0844,"J9WQ+9C Mississauga, Ontario"
Best Buy,"167 N Queen St, Etobicoke, ON M9C 1A7",opening hr not provided,stores.bestbuy.ca,(647) 288-2300,"JC8W+VG Etobicoke, Toronto, ON"
Dollar Tree,"320 Main St N Unit #1, Brampton, ON L6V 4A3",opening hr not provided,locations.dollartreecanada.com,(905) 456-9449,"M6VJ+CQ Brampton, Ontario"
Lines 'n Curves,linesandcurves.com,opening hr not provided,linesandcurves.com,(905) 737-1387,plus code available
Staples,"17810 Yonge St Bldg. A, Newmarket, ON L3Y 8S1",opening hr not provided,stores.staples.ca,(905) 898-3956,"3G68+92 Newmarket, Ontario"
Best Buy,"2975 Argentia Rd, Mississauga, ON L5N 0A2",opening hr not provided,stores.bestbuy.ca,(905) 285-9948,"H6X7+RX Mississauga, Ontario"
Dollar Tree,"2901 Queen St E Unit #1, Brampton, ON L6T 0C7",opening hr not provided,locations.dollartreecanada.com,(905) 791-8733,"P8Q2+R7 Brampton, Ontario"
VOF Office Furniture Design,"115 Bowes Rd #14b, Concord, ON L4K 1H7",opening hr not provided,vofofficedesign.com,(905) 669-0112,"RG45+5H Vaughan, Ontario"
Dollar Tree,"1 Bartley Bull Pkwy, Brampton, ON L6W 3T7",opening hr not provided,locations.dollartreecanada.com,(905) 866-6518,"M798+2P Brampton, Ontario"
Staples,"1010 Hoover Park Dr Unit 2, Whitchurch-Stouffville, ON L4A 0G5",opening hr not provided,stores.staples.ca,(905) 642-6800,"XP4G+8V Whitchurch-Stouffville, Ontario"
Structube,"160 N Queen St Unit 1, Etobicoke, ON M9C 1A8",opening hr not provided,structube.com,(416) 622-2544,"JCCV+66 Etobicoke, Toronto, ON"
Source Office Furniture - Burlington,"3100 Harvester Rd #3, Burlington, ON L7N 3W8",opening hr not provided,source.ca,(905) 333-9999,"9622+WW Burlington, Ontario"
Staples,"1755 Pickering Pkwy, Pickering, ON L1V 6K5",opening hr not provided,stores.staples.ca,(905) 683-4620,"RWVM+62 Pickering, Ontario"
Printers Choice,"1020 Matheson Blvd E #14, Mississauga, ON L4W 4J9",opening hr not provided,printerschoice.ca,(905) 290-0205,"J9M5+HC Mississauga, Ontario"
The Source,"74 Quarry Edge Dr, Brampton, ON L6V 4K2",opening hr not provided,thesource.ca,(905) 450-8164,"P647+FV Brampton, Ontario"
Vaughan Office Furniture,vaughanofficefurniture.com,opening hr not provided,vaughanofficefurniture.com,(647) 219-6842,plus code available
Paper Express Online,"6320 Kestrel Rd, Mississauga, ON L5T 1Z3",opening hr not provided,paperexpress.ca,(905) 795-2435,"J8XH+JV Mississauga, Ontario"
Sensyst - The Business Interior Group,"6805 Invader Crescent #1, Mississauga, ON L5T 2K6",opening hr not provided,sensyst.com,(905) 565-9700,"M87F+8Q Mississauga, Ontario"
Walmart Supercentre,"165 N Queen St, Etobicoke, ON M9C 1A7",opening hr not provided,walmart.ca,(416) 239-7090,"JC9W+98 Etobicoke, Toronto, ON"
Walmart Supercentre,"3155 Argentia Rd, Mississauga, ON L5N 8E1",opening hr not provided,walmart.ca,(905) 821-8150,"H6V6+PF Mississauga, Ontario"
Staples,"20 Woodlawn Rd E, Guelph, ON N1H 1G7",opening hr not provided,stores.staples.ca,(519) 822-2344,"HP9F+2C Guelph, Ontario"
Staples,"20 Woodlawn Rd E, Guelph, ON N1H 1G7",opening hr not provided,stores.staples.ca,(519) 822-2344,"HP9F+2C Guelph, Ontario"
Dollar Tree,"547 Steeles Ave E, Brampton, ON L6W 4S2",opening hr not provided,locations.dollartreecanada.com,(905) 216-1015,"M7GJ+QG Brampton, Ontario"
Cybeart Inc.,"5100 Orbitor Dr, Mississauga, ON L4W 5R8",opening hr not provided,cybeart.com,(905) 629-0010,"M94W+QX Mississauga, Ontario"
The Source,"5100 Erin Mills Pkwy UNIT # E200, Mississauga, ON L5M 4Z5",opening hr not provided,thesource.ca,(905) 569-9772,"H75Q+FM Mississauga, Ontario"
The Source,"280 Guelph St Unit 26, Georgetown, ON L7G 4B1",opening hr not provided,thesource.ca,(905) 877-0944,"J4X2+GG Georgetown, Halton Hills, ON"
Walmart Supercentre,"50 Quarry Edge Dr, Brampton, ON L6V 4K2",opening hr not provided,walmart.ca,(905) 874-0112,"P648+3H Brampton, Ontario"
Dollar Tree,"2291 Kipling Ave, Etobicoke, ON M9W 4L6",opening hr not provided,locations.dollartreecanada.com,(416) 749-8900,"PCHG+R8 Etobicoke, Toronto, ON"
Walmart Supercentre,"15 Resolution Dr, Brampton, ON L6W 0A7",opening hr not provided,walmart.ca,(905) 452-1710,"M7JH+6J Brampton, Ontario"
The Source,"Pearson Airport- Terminal, 6301 Silver Dart Dr #1, Mississauga, ON L5P 1B2",opening hr not provided,thesource.ca,(905) 672-6301,"M9JQ+58 Mississauga, Ontario"
Walmart Supercentre,"800 Matheson Blvd W, Mississauga, ON L5V 2N6",opening hr not provided,walmart.ca,(905) 817-9688,"J844+QM Mississauga, Ontario"
The Source,"150 Great Lakes Dr #133, Brampton, ON L6R 2K7",opening hr not provided,thesource.ca,(905) 790-9396,"P6JM+5V Brampton, Ontario"
Lyreco Office Products,"7303 Warden Ave, Markham, ON L3R 5Y6",opening hr not provided,website not available,(905) 940-0610,"RMHF+XF Markham, Ontario"
Canada Post,"6435 Dixie Rd Unit #7, Mississauga, ON L5T 1X4",opening hr not provided,canadapost.ca,+1 800-267-1177,"M87R+QC Mississauga, Ontario"
Walmart Supercentre,"30 Coventry Rd, Brampton, ON L6T 5P9",opening hr not provided,walmart.ca,(905) 793-1983,"P8R4+55 Brampton, Ontario"
Staples,"370 Stone Rd W, Guelph, ON N1G 4V9",opening hr not provided,stores.staples.ca,(519) 763-4205,"GQ87+C8 Guelph, Ontario"
Harkel Office Furniture Ltd,"1743 Creditstone Rd, Concord, ON L4K 5X7",opening hr not provided,harkeloffice.com,(905) 417-5335,"RFJH+WQ Vaughan, Ontario"
Staples Print & Marketing Services,"471 Queen St S Unit 2, Caledon, ON L7E 2B5",opening hr not provided,staplescopyandprint.ca,(905) 951-1934,"V7CF+VV Caledon, Ontario"
Walmart Supercentre,"5085 Mayfield Rd, Brampton, ON L6R 0A7",opening hr not provided,walmart.ca,(905) 793-5478,"Q6FC+59 Brampton, Ontario"
"Paper Plus Cloth - Japanese Stationery, Paper and Pen Store","1340 Queen St W, Toronto, ON M6K 1L4",opening hr not provided,paperpluscloth.com,Phone not available,"JHR9+M6 Toronto, Ontario"
Dollar Tree,"3135 Argentia Rd, Mississauga, ON L5N 8E1",opening hr not provided,locations.dollartreecanada.com,(905) 785-1919,"H6W6+F4 Mississauga, Ontario"
Direct Office Solutions,"6660 Kennedy Rd Suite 14, Mississauga, ON L5T 2M9",opening hr not provided,doscanada.ca,(905) 696-8013,"J8X7+CF Mississauga, Ontario"
Beatties Business Products,"3325 N Service Rd #1, Burlington, ON L7N 3G2",opening hr not provided,beatties.com,(905) 336-8818,"9663+HV Burlington, Ontario"
Canada Computers & Electronics,"150 West Dr #19, Brampton, ON L6T 5P1",opening hr not provided,canadacomputers.com,(905) 487-0603,"P748+92 Brampton, Ontario"
Walmart Supercentre,"9455 Mississauga Rd, Brampton, ON L6X 0Z8",opening hr not provided,walmart.ca,(905) 451-6307,"M55Q+52 Brampton, Ontario"
Super Deal Furniture Gallery,"190 Britannia Rd E, Mississauga, ON L4Z 1W6",opening hr not provided,sdfgallery.ca,(905) 501-9119,"J8JG+23 Mississauga, Ontario"
IKEA Etobicoke,"1475 The Queensway, Etobicoke, ON M8Z 1T3",Closed today,ikea.com,+1 866-866-4532,"JF98+85 Etobicoke, Toronto, ON"
Copier Earth,"6320 Kestrel Rd, Mississauga, ON L5T 1Z3",opening hr not provided,copierearth.com,(905) 624-3188,"J8XH+JV Mississauga, Ontario"
Midha's Furniture Gallery,"295 Queen St E, Brampton, ON L6W 3R1",opening hr not provided,midhafurniture.com,(905) 497-6161,"P736+5X Brampton, Ontario"
Staples,"36 Barrie View Dr, Barrie, ON L4N 8V4",opening hr not provided,stores.staples.ca,(705) 733-3329,"88Q6+7C Barrie, Ontario"
Staples,"26 Pinebush Rd, Cambridge, ON N1R 6J5",opening hr not provided,stores.staples.ca,(519) 622-5280,"CM6F+RH Cambridge, Ontario"
Midha's Furniture Gallery,"3135 Argentia Rd Unit # 1, Mississauga, ON L5N 8E1",opening hr not provided,midhafurniture.com,(905) 785-2772,"H6W6+H3 Mississauga, Ontario"
Walmart Supercentre,"300 Guelph St, Georgetown, ON L7G 4A8",opening hr not provided,walmart.ca,(905) 873-0400,"J4X3+G6 Georgetown, Halton Hills, ON"
Schelter Stockroom Supply Co.,"99 Geddes St, Elora, ON N0B 1S0",opening hr not provided,schelters.ca,(519) 846-5540,"MHM9+8W Elora, Ontario"
LogoInk Custom Apparel & Promotional Products,"7666 Bath Rd, Mississauga, ON L4T 1L2",opening hr not provided,website not available,(905) 448-5929,"P86Q+Q6 Mississauga, Ontario"
Staples Business Advantage Canada,"550 Pendant Dr, Mississauga, ON L5T 2W6",opening hr not provided,staplesbusinessadvantage.ca,+1 877-272-2121,"J8RC+XQ Mississauga, Ontario"
Supreme Basics,"40 West Beaver Creek Rd, Richmond Hill, ON L4B 1G5",opening hr not provided,supremebasics.com,(905) 762-7100,"VJ45+HP Richmond Hill, Ontario"
ASCA Office Solutions,"100 Arbors Ln, Woodbridge, ON L4L 7G4",opening hr not provided,ascaofficesolutions.com,(416) 240-1700,"QCP4+FF Vaughan, Ontario"
T & T Industrial Supplies Ltd,"51 Roysun Rd, Vaughan, ON L4L 8P9",opening hr not provided,ttindsupplies.com,(905) 851-4488,"Q99R+G2 Vaughan, Ontario"
New Avenue Boutique,"2575 Dundas St W, Mississauga, ON L5K 2M6",opening hr not provided,newavenueboutique.com,(905) 828-2953,"G8G9+7J Mississauga, Ontario"
ASCA Office Solutions,"100 Arbors Ln, Woodbridge, ON L4L 7G4",opening hr not provided,ascaofficesolutions.com,(416) 240-1700,"QCP4+FF Vaughan, Ontario"
Island Ink-Jet & Laser Toners Markham,"Sherwood Plaza (Dollarama, Service Ontario, 5694 Hwy 7, Markham, ON L3P 1P4",opening hr not provided,islandinkjet.com,(905) 471-4600,"VPCJ+QH Markham, Ontario"
Maxwell Paper Canada,"3055 Lenworth Dr, Mississauga, ON L4X 2G3",opening hr not provided,maxwellpaper.ca,+1 800-561-6406,"JCCG+JV Mississauga, Ontario"
By Design Commercial Moving Solutions,"6-6295 Shawson Dr, Mississauga, ON L5T 1H4",opening hr not provided,bydesignofficemovers.com,(416) 254-2711,"M83Q+W9 Mississauga, Ontario"
JW Office Solution,"1625 Steeles Ave E Unit 8, Brampton, ON L6T 4T7",opening hr not provided,website not available,(905) 458-8688,"M8W3+X3 Brampton, Ontario"
JYSK - Brampton Shoppers World (Curbside Pickup Only),"499 Main St S Unit 121, Brampton, ON L6Y 1N7",opening hr not provided,jysk.ca,(289) 864-7578,"M786+FX Brampton, Ontario"
Felix Wholesale (Cash & Carry) **NEW LOCATION**,"7300 Torbram Rd Unit #2, Mississauga, ON L4T 3X2",opening hr not provided,felixcashandcarry.ca,(416) 482-9998,"M8XP+RV Mississauga, Ontario"
Royal Imports Group Inc.,"16 Dixie Rd #12, Mississauga, ON L5T 1M9",opening hr not provided,website not available,(905) 908-2390,"M86W+G4 Mississauga, Ontario"
Global Express A Division Of Global Upholstery,"177a Snidercroft Rd, Concord, ON L4K 2J8",opening hr not provided,globalfurnituregroup.com,(905) 660-5101,"QFQW+3F Vaughan, Ontario"
AVGearShop,"80 Devon Rd #2, Brampton, ON L6T 5B3",opening hr not provided,avgearshop.com,(905) 792-7617,"P8P8+3P Brampton, Ontario"
Renaissance Office Supplies & Equipment Ltd,"75 Mary St, Aurora, ON L4G 1G3",opening hr not provided,renaissanceoffice.com,(905) 727-1567,"XGXW+MJ Aurora, Ontario"
Walmart Supercentre,"8300 York Regional Rd 27, Woodbridge, ON L4L 1A5",opening hr not provided,walmart.ca,(905) 851-4648,"Q9PF+P7 Vaughan, Ontario"
D & E Industries Ltd,"6399 Netherhart Rd, Mississauga, ON L5T 1B8",opening hr not provided,dewood.com,(905) 670-6617,"M9C3+4J Mississauga, Ontario"
Island Ink-Jet & Toner Cartridges,islandinkjet.com,opening hr not provided,islandinkjet.com,(905) 629-3210,plus code available
Staples,"4 Banff Rd Unit 101, Uxbridge, ON L9P 1S9",opening hr not provided,stores.staples.ca,(905) 862-2614,"3VVC+75 Uxbridge, Ontario"
Casalife,"350 Evans Ave, Etobicoke, ON M8Z 1K5",opening hr not provided,casalife.com,(416) 922-2785,"JF9H+22 Etobicoke, Toronto, ON"
Staples,"5 The Boardwalk #225, Kitchener, ON N2N 0B1",opening hr not provided,stores.staples.ca,(519) 579-1614,"CCMP+XW Kitchener, Ontario"
MattressDirect.ca,"6226 Danville Rd, Mississauga, ON L5T 2H7",opening hr not provided,mattressdirect.ca,+1 855-333-5088,"J8RG+RJ Mississauga, Ontario"
JASHAMY Group,"2895 Argentia Rd Unit 6, Mississauga, ON L5N 8G6",opening hr not provided,jashamy.com,(905) 814-7800,"H6XC+WF Mississauga, Ontario"
Lowe's Home Improvement,"10111 Heart Lake Rd, Brampton, ON L6Z 0E4",opening hr not provided,lowes.ca,(905) 843-4300,"P6FJ+F3 Brampton, Ontario"
Global Furniture Group,"1350 Flint Rd, North York, ON M3J 2J7",opening hr not provided,globalfurnituregroup.com,(416) 661-3660,"QGJC+M7 North York, Toronto, ON"
The Home Depot,"9515 Mississauga Rd, Brampton, ON L6X 0B3",opening hr not provided,stores.homedepot.ca,(905) 453-3900,"M55M+VW Brampton, Ontario"
Dollar Tree,"2 Bradstock Rd, North York, ON M9M 1M8",opening hr not provided,locations.dollartreecanada.com,(416) 743-5570,"PFQ6+V9 North York, Toronto, ON"
Modern Furniture Toronto/Markham | 现代家私/现代家具,(647) 996-5669,opening hr not provided,website not available,(647) 996-5669,plus code available
IKEA Vaughan,"200 Interchange Way, Concord, ON L4K 5C3",Closed today,ikea.com,+1 866-866-4532,"QFPC+R8 Vaughan, Ontario"
RONA Georgetown,"348 Guelph St, Georgetown, ON L7G 4B5",opening hr not provided,rona.ca,(905) 877-2947,"J4X8+CW Georgetown, Halton Hills, ON"
Dollar Tree,"200 Windflower Gate #109, Woodbridge, ON L4L 9L3",opening hr not provided,locations.dollartreecanada.com,(905) 856-0232,"QCRX+R8 Vaughan, Ontario"
GoJava Toronto,"31 Progress Ave unit 10, Scarborough, ON M1P 4S6",opening hr not provided,gojava.ca,+1 888-418-8405,"QP9C+G9 Scarborough, Toronto, ON"
Canadian Tire,"10031 McLaughlin Rd, Brampton, ON L7A 2X5",opening hr not provided,canadiantire.ca,(905) 846-9227,"M6X3+63 Brampton, Ontario"
Canadian Tire,"499 Main St S, Brampton, ON L6Y 1N7",opening hr not provided,canadiantire.ca,(905) 451-6060,"M787+P4 Brampton, Ontario"
The Source,"2 Bloor St E Unit C2A, Toronto, ON M4W 3G7",Closed today,thesource.ca,(416) 921-1983,"MJC7+69 Toronto, Ontario"
Canadian Tire,"315 Guelph St, Georgetown, ON L7G 4B3",opening hr not provided,canadiantire.ca,(905) 873-1350,"M426+CH Georgetown, Halton Hills, ON"
The Source,"130 King St W Unit CWW2, Toronto, ON M5X 1B5",Closed today,thesource.ca,(416) 363-0687,"JJX8+9M Toronto, Ontario"
Initial Global Inc.,"85 Telson Rd, Markham, ON L3R 1E4",opening hr not provided,initialglobal.com,(416) 418-8950,"RM95+XW Markham, Ontario"
Carr McLean Limited,carrmclean.ca,opening hr not provided,carrmclean.ca,(416) 252-3371,plus code available
Hyatt Stationery,"36 Chauncey Ave, Etobicoke, ON M8Z 2Z4",opening hr not provided,iteminfo.ca,(416) 259-4844,"JFQG+23 Etobicoke, Toronto, ON"
Island Ink-Jet & Toner Cartridges,islandinkjet.com,Open now: Open 24 hours,islandinkjet.com,+1 877-446-5538,plus code available
Apple Sherway Gardens,"25 The West Mall, Toronto, ON M9C 1B8",opening hr not provided,apple.com,(416) 646-8489,"JC6V+VF Toronto, Ontario"
Walmart Supercentre,"1280 Steeles Ave E, Milton, ON L9T 6R1",opening hr not provided,walmart.ca,(905) 864-6027,"G4VM+36 Milton, Ontario"
Party City,"Centennial Mall, 227 Vodden St E, Brampton, ON L6V 1N2",opening hr not provided,partycity.ca,(905) 460-9720,"P63V+C4 Brampton, Ontario"
Chair Source,"8305 Jane St, Concord, ON L4K 5Y3",opening hr not provided,chairsource.ca,(905) 761-8790,"RF5F+X4 Vaughan, Ontario"
Genuine Supply Source Inc,"3505 Laird Rd Unit #7, Mississauga, ON L5L 5Y7",opening hr not provided,genuinesupply.ca,+1 877-477-5525,"G882+XW Mississauga, Ontario"
DesignRepublic,"639 Queen St W, Toronto, ON M5V 2B7",opening hr not provided,mydesignrepublic.com,(416) 603-0007,"JHWW+VH Toronto, Ontario"
Party City,"5915 Rodeo Dr, Mississauga, ON L5R 4C1",opening hr not provided,partycity.ca,(905) 890-9229,"J866+MG Mississauga, Ontario"
MUJI Square One,"100 City Centre Dr, Mississauga, ON L5B 2C9",opening hr not provided,muji.com,(905) 276-2737,"H9R4+VW Mississauga, Ontario"
"Insight Enterprises, Inc. - Mississauga, ON","2425 Matheson Blvd. E. Seventh, Floor, Ste. 743, Mississauga, ON L4W 5K4",Open now: Open 24 hours,ca.insight.com,+1 800-467-4448,"M94W+XJ Mississauga, Ontario"
MUJI Atrium,"20 Dundas St W, Toronto, ON M5G 2C2",opening hr not provided,muji.com,(416) 591-2233,"MJ49+H6 Toronto, Ontario"
Russell Hendrix Clearance Centre,"70 Coronet Rd, Etobicoke, ON M8Z 2M1",opening hr not provided,russellhendrix.com,(416) 207-9000,"JFF3+92 Etobicoke, Toronto, ON"
EQ3 Toronto King - Modern Furniture,"222 King St E, Toronto, ON M5A 1J7",opening hr not provided,eq3.com,(416) 815-2002,"MJ2J+GJ Toronto, Ontario"
United Home Hardware Building Centre - Georgetown,"333 Guelph St, Georgetown, ON L7G 4B3",opening hr not provided,unitedlumber.ca,(905) 873-8007,"M428+22 Georgetown, Halton Hills, ON"
Staples Print & Marketing Services,"542 Keele St, Toronto, ON M6N 3E2",opening hr not provided,staplescopyandprint.ca,(416) 762-4179,"MGCM+44 Toronto, Ontario"
Nirvana Home Collection,"55 Bloor St W, Toronto, ON M4W 1A5",opening hr not provided,nirvanahome.ca,(416) 929-8300,"MJ96+RH Toronto, Ontario"
Island Ink-Jet & Toner Cartridges,"10520 Yonge St unit 40, Richmond Hill, ON L4C 3C7",opening hr not provided,islandinkjet.com,(905) 884-9925,"VHM5+JC Richmond Hill, Ontario"
The Source - Queen St. entrance,"220 Yonge St Unit 1114, Toronto, ON M5B 2H1",Closed today,thesource.ca,(416) 979-7747,"MJ39+3R Toronto, Ontario"
Your Dollar Store With More,"2-31 Worthington Ave E1, Brampton, ON L7A 2Y7",opening hr not provided,dollarstore.ca,(905) 495-7847,"M5MM+38 Brampton, Ontario"
Structube,"2008 Yonge St, Toronto, ON M4S 1Z7",opening hr not provided,structube.com,(416) 483-5720,"PJ23+62 Toronto, Ontario"
Region of Peel,"10 Peel Centre Drive, Suite A and B, Brampton, ON L6T 4B9",opening hr not provided,peelregion.ca,(905) 791-7800,"P79H+P4 Brampton, Ontario"
Staples Print & Marketing Services,"250 Front St E, Toronto, ON M5A 1E9",opening hr not provided,staplescopyandprint.ca,(416) 368-3416,"MJ2P+PH Toronto, Ontario"
Russell Hendrix Restaurant Equipment & Foodservice Supplies,"70 Coronet Rd, Etobicoke, ON M8Z 2M1",opening hr not provided,russellhendrix.com,(416) 238-7850,"JFF3+F5 Etobicoke, Toronto, ON"
The Source - Yonge St. entrance,"2300 Yonge St C23, Unit C23, Toronto, ON M4P 1E4",Closed today,thesource.ca,(416) 485-5060,"PJ42+W5 Toronto, Ontario"
Russell Hendrix Restaurant Equipment & Foodservice Supplies,"70 Coronet Rd, Etobicoke, ON M8Z 2M1",opening hr not provided,russellhendrix.com,(416) 238-7850,"JFF3+F5 Etobicoke, Toronto, ON"
Staples Promotional Products Canada,staplespromoproducts.ca,opening hr not provided,staplespromoproducts.ca,+1 800-450-6452,plus code available
The Source - Yonge St. entrance,"2300 Yonge St C23, Unit C23, Toronto, ON M4P 1E4",Closed today,thesource.ca,(416) 485-5060,"PJ42+W5 Toronto, Ontario"
EQ3 Toronto Hanna - Modern Furniture,"51 Hanna Ave #3, Toronto, ON M6K 3N7",opening hr not provided,eq3.com,(416) 533-9090,"JHQJ+R7 Toronto, Ontario"
Patterson Dental,COVID-19 info · pattersondental.com,opening hr not provided,pattersondental.com,(289) 374-3666,"M93W+5M Mississauga, Ontario"
Chestwood-Mezey Distribution,"100 Steelcase Rd E, Markham, ON L3R 1E8",opening hr not provided,chestwood.com,(416) 499-8199,"RMC3+C2 Markham, Ontario"
Giant Tiger,"370 Main St N, Brampton, ON L6V 4A4",opening hr not provided,gianttiger.com,(905) 457-9721,"M6WH+5X Brampton, Ontario"
Genesis Supplies Inc,"1111 Flint Rd UNIT 26, North York, ON M3J 3C7",opening hr not provided,genesissuppliesinc.ca,(416) 667-1971,"QG7F+4C North York, Toronto, ON"
Microsoft Canada - Corporate Office,"1950 Meadowvale Blvd, Mississauga, ON L5N 8L9",opening hr not provided,microsoft.com,(905) 568-0434,"J67W+3C Mississauga, Ontario"
Office Coffee Solutions,"132 Jardin Dr Unit 4, Concord, ON L4K 1X9",opening hr not provided,officecoffeesolutions.com,(416) 516-9333,"QGW4+CG Vaughan, Ontario"
Advanced Office Technologies,officetechnologies.ca,opening hr not provided,officetechnologies.ca,Phone not available,plus code available
Amdocs Offices,"2 Bloor St E, Toronto, ON M4W 3E2",opening hr not provided,amdocs.com,+1 314-212-7000,"MJC7+86 Toronto, Ontario"
Home Hardware,"250 The East Mall Unit 249, Etobicoke, ON M9B 3Y8",opening hr not provided,homehardware.ca,(416) 234-0601,"JCJV+CP Etobicoke, Toronto, ON"
Brooklyn Furniture,"3742 Bathurst St, North York, ON M3H 3M4",opening hr not provided,brooklynfurniture.com,(416) 635-6111,"PHP8+M8 North York, Toronto, ON"
Staples Print & Marketing Services,"4 Nahanni Dr, Richmond Hill, ON L4B 4L7",opening hr not provided,staplescopyandprint.ca,(647) 471-0106,"RHRH+J5 Richmond Hill, Ontario"
Mississauga ReStore (Habitat for Humanity Halton-Mississauga),"4500 Dixie Rd, Mississauga, ON L4W 1V7",opening hr not provided,habitathm.ca,(905) 828-0987,"J9JM+HP Mississauga, Ontario"
